"draw","lambda_at_index_26","lambda_at_index_51","lambda_at_index_75","lambda_at_index_100"
1,0.0939660198620567,0.0621278113539807,0.0574211545480646,0.0568471584547171
2,0.0937478947759344,0.0614352381466842,0.0560015008395387,0.0552282982375589
3,0.0934076069040195,0.0617245269976007,0.0569227043406851,0.056340728725336
4,0.0882521052269625,0.0554373737858321,0.0487407029030284,0.0473103605243449
5,0.0942183436259156,0.0616409104124103,0.0561205009769997,0.0552823653302635
6,0.0952798040869189,0.0630678583553063,0.0578095604406732,0.0571052050989833
7,0.0951325178348329,0.0633771198054705,0.0586752292817052,0.0581613153964802
8,0.0919398595838568,0.059578790659331,0.0537573225152468,0.0527730801086979
9,0.0932936530202117,0.060813344073918,0.0552442230496496,0.0543974616004885
10,0.0954609425096602,0.063381452768909,0.0580051201960197,0.0571522102367493
11,0.0903223015430509,0.0583507098271901,0.0531020505851361,0.0519452049850296
12,0.0913580965371383,0.0595952762632029,0.0548863076402325,0.0537389897004055
13,0.0955464995654884,0.0634904724611915,0.0587796169876315,0.0582478758632393
14,0.0944642682612208,0.0626041107238685,0.057582284189317,0.0569724734977854
15,0.0947377776867302,0.0626780520871729,0.0577462376746813,0.0571522431828153
16,0.0922651717724797,0.0599558197847919,0.0540392595779809,0.0530271210134391
17,0.0934507102693707,0.0614619798585938,0.0564901267510441,0.055836555701917
18,0.0882525722118165,0.0578052262814225,0.0540131862591651,0.0535665313771577
19,0.0945462888125696,0.0629174183242199,0.0581617693120871,0.0576235637068634
20,0.0955175429998743,0.0637552045687634,0.0589263293142307,0.0580356083663636
21,0.0924858355227448,0.060009581078934,0.0543529155023347,0.0534352589962272
22,0.0912700478175808,0.0591129693635778,0.0538449812667684,0.0530062298692623
23,0.0944146950772548,0.062929885368346,0.0577370840898913,0.0564773247434026
24,0.0959534730987641,0.0634608335345528,0.0582823746558867,0.0576152149520524
25,0.0955496694063185,0.062722587580949,0.057011902102667,0.0561374980527365
26,0.0948241802277905,0.0628465567068599,0.0576247463525871,0.0566850081264014
27,0.0938257449021807,0.0615018585096404,0.0558692936834843,0.0550090129301848
28,0.0924736973790736,0.0597425926146912,0.0536996860996403,0.0526266699667494
29,0.0919748816332394,0.0607551931035895,0.0561379860765166,0.0556104595458544
30,0.0963344389442724,0.0643145396187933,0.0595154949960705,0.058978469894789
31,0.089718034707034,0.0572774176094795,0.0511561525610931,0.0500084254865647
32,0.0884324248820695,0.0560706292662965,0.0497486618216881,0.0484724090527731
33,0.0911336558637106,0.0587661968555646,0.0529065969850339,0.0518848216497288
34,0.092993964567878,0.0604705754762464,0.0550996636917457,0.0542832560643667
35,0.0956741212176797,0.063101950829941,0.057726560945928,0.0569889162277288
36,0.0918454438803101,0.0590775362571981,0.0528933405541711,0.0517530986252716
37,0.0932917801431186,0.0612122973590889,0.055829540206646,0.0550413427512193
38,0.0933829758261562,0.0610821298355139,0.0557439569806362,0.0549637536064062
39,0.0905004791689267,0.0582868323810761,0.053787299118961,0.0531114142189071
40,0.0937751590566869,0.0616321038665478,0.0561666200470273,0.0553774865772913
41,0.092994543249496,0.0603190720416634,0.0549499104782806,0.0540181295806104
42,0.0943446838985732,0.0620560016029725,0.0572166799691133,0.0566471710798633
43,0.0958211207888997,0.0635015070578189,0.0588904473595023,0.0583511675853085
44,0.0961812920712131,0.064018162124161,0.0590793198475416,0.0585014408048026
45,0.0900972794987401,0.0585887464921847,0.0545545254279748,0.0541654390871123
46,0.0918125398445079,0.059329049417904,0.0531486877997037,0.0520115396122981
47,0.0894256966624393,0.0574907975622784,0.05256906238105,0.0517622119049361
48,0.0954962858335809,0.0633645549669614,0.0586128623341775,0.0579487597616958
49,0.0943204817763633,0.0619338731495558,0.0562918844560981,0.0551686368610371
50,0.0941875601338394,0.0616251562382432,0.0561475709955999,0.0552288748014083
51,0.0903802917823448,0.0580076394926574,0.053014730563363,0.0519886262666727
52,0.0931534587187163,0.0611087892160104,0.0557282237464152,0.0549428990021787
53,0.0893136975062089,0.0565803400957352,0.0499922127109979,0.0486112384747353
54,0.0929741530085191,0.0605446865951876,0.0553635406955928,0.0546118374588153
55,0.0911316818137487,0.0585144644319172,0.0524408450582878,0.0513286872934186
56,0.0931168465353153,0.0619782394885921,0.0578759376803997,0.0575364647804538
57,0.0917650485637568,0.0591686209946008,0.0530649227752223,0.0519489864237128
58,0.0945721901559214,0.0621386608906383,0.0567585532304458,0.0560044601953078
59,0.0927773546792362,0.0603500866023438,0.0545442855757533,0.0535458353812036
60,0.0896875867036342,0.057212816842554,0.0512657138493064,0.0501698731782478
61,0.0932654588211276,0.0611299448104777,0.0560203368751515,0.055303545561899
62,0.0940175026020294,0.0615929405433067,0.0565235959960612,0.0558426630402988
63,0.0901002715362215,0.0574130957683119,0.0508999923462078,0.0495791635228496
64,0.0921206748014005,0.0594895939691547,0.0532968416271802,0.0521212984567409
65,0.0885186146597474,0.0558923168434724,0.0493793144916355,0.0480163712782255
66,0.093458587279284,0.0614942894318855,0.0566939506949388,0.0551469627513021
67,0.0933802605327563,0.0605441089097448,0.0546524592557858,0.0536425819483988
68,0.0915360317537766,0.0589206570412792,0.0527128483951454,0.051557524810786
69,0.0971832172551824,0.0643712429602569,0.059003093212518,0.05827203415934
70,0.0928831829715946,0.0608031469592476,0.056109232306324,0.055467335854135
71,0.0910867787838645,0.0584354948409674,0.0523019424133573,0.0511557345957513
72,0.0929468403225619,0.0618622750306859,0.0576356762026216,0.057081007244667
73,0.0925177077536455,0.0597332969657225,0.0536581868203199,0.0525498873961858
74,0.0941482983145359,0.0624074471935333,0.0576055928427717,0.05699265795805
75,0.0892037706770813,0.0564475962545405,0.0498602185664077,0.0484743753944904
76,0.0942220914093383,0.0622693290027681,0.0573824556377141,0.0567617275744671
77,0.0938212243245661,0.0615175214907411,0.0557513166669842,0.0543551411088636
78,0.0940144172006353,0.0622080416867222,0.0571625604948641,0.0565151558657412
79,0.0952294193001744,0.0630146170186793,0.0578169969699677,0.0571494118932184
80,0.0956624000690606,0.0636534256697276,0.0587027875107001,0.058116700016886
81,0.0907638071263991,0.057963095039062,0.0515100145805407,0.050230260881699
82,0.0955569057146665,0.0633572562212198,0.0582061939567008,0.0575033992254348
83,0.0922502016336932,0.0600759552519339,0.0543799355879496,0.0534492818986813
84,0.0898049052915981,0.0582868619430359,0.0543939656079779,0.053872074083706
85,0.093793576899031,0.0616633367174851,0.0563059063915806,0.055535536439124
86,0.0925883740350274,0.0605389722262458,0.0547231582038906,0.053712622238138
87,0.0946924879998912,0.062336790356876,0.0569171827340539,0.0561574095631332
88,0.0926408118527436,0.0605075466535791,0.0544431971245097,0.0530098549546194
89,0.0911517916616916,0.0593780576779825,0.0543432126875288,0.0536820223223424
90,0.0941361055293774,0.0614082523768803,0.0555161637921843,0.054542440380719
91,0.0965587718153153,0.0644919313043083,0.0592722097589397,0.0585880557720216
92,0.0950528853695308,0.0631818735373884,0.0587654499952244,0.0581974148047384
93,0.0906858783395814,0.0588326317954343,0.0534629598593795,0.0523424133806679
94,0.0943926453836077,0.0630829546960596,0.0588955041346987,0.0586045016679329
95,0.0926526746264033,0.0599671456714186,0.0548548677156957,0.0537138282614286
96,0.0963232178612736,0.0637920720628396,0.0585213542078586,0.0578304874730615
97,0.0953805022161766,0.0626935456538461,0.0571510068214067,0.0563409214843939
98,0.095756738709295,0.0633296968811368,0.0581120648195505,0.0573999000141467
99,0.0923393251558539,0.0604023596713747,0.0553725495606565,0.0545035914621144
100,0.0935583584777844,0.0623081028830512,0.0572862741679905,0.056198555914801
101,0.092678766265817,0.0604919089703271,0.0549002201672221,0.0540208034894188
102,0.0899957492239532,0.0575470408347093,0.0524455772899639,0.0515770147441456
103,0.0879780063618554,0.0552332307908115,0.0484598320954289,0.0469684038920984
104,0.0912717555245933,0.0587646892802601,0.0530019114053176,0.0520247080247332
105,0.0900733738794775,0.0584547171526323,0.053691105416484,0.0530578456392911
106,0.0946389518396538,0.0627303897030449,0.0577317936065734,0.0569349378278264
107,0.0941321615897592,0.0618610893021017,0.0564110090360274,0.055623977676004
108,0.0953037630683919,0.0631062769440835,0.0586110368182222,0.0580864275411597
109,0.0930595394708478,0.0603745614008919,0.0543663630795138,0.0533288106815791
110,0.0951649994765271,0.0624240535494225,0.056751199210549,0.0558895403375582
111,0.0924960246137594,0.0599986828572792,0.0540706687550366,0.0530543345501154
112,0.0937484005637961,0.0617754075381829,0.0573182440959819,0.0563533773258623
113,0.0954938194858377,0.0633668997920207,0.0582495644632588,0.0574441168582834
114,0.0917871697480591,0.0596939369748917,0.0546854760087686,0.0539274801049158
115,0.0954286222083988,0.0630797528768914,0.0583244279654323,0.0577155147795421
116,0.0937368135544413,0.061363631075045,0.0560391851517762,0.055275299136284
117,0.0959211583067973,0.0639557914421372,0.0591243227314013,0.058578478317598
118,0.0934703814666361,0.0618157815290648,0.056487157580438,0.0557131888961521
119,0.0964037539288502,0.0645032886225972,0.0594653378032048,0.0588574527988888
120,0.0904903343161004,0.0583044972262135,0.0526104783975645,0.0516860721713129
121,0.0915761083240436,0.0590818019652658,0.0530876280250193,0.0520266613290867
122,0.0931444226029632,0.0621016159241883,0.0580037639173348,0.0576098346805801
123,0.0937435028663173,0.0622210977830852,0.0572119965100313,0.0558913792158427
124,0.0920805977322358,0.0597208655939432,0.0548765893861816,0.0542265426047937
125,0.0910591192066959,0.0592278805664895,0.0539581753410445,0.0531883432044273
126,0.0923286306401186,0.0602061799074477,0.0546825215259295,0.0538503388395094
127,0.0898592470016019,0.058525637762903,0.0543526223779711,0.0536755288718121
128,0.0908050881055521,0.0582376340306745,0.0523357377124999,0.0514196160677542
129,0.0897305982296521,0.0570312882648708,0.0505484700591115,0.0492282291044044
130,0.0913455475681337,0.0587026094339623,0.0526343117693748,0.0514899552021989
131,0.0939814194129049,0.0615249533905536,0.055808220782893,0.0547913964850146
132,0.0922044276049794,0.0600252464402003,0.0542554807303831,0.0533030677565974
133,0.0956941821812549,0.0637350132431395,0.0587440817369455,0.0581370381116816
134,0.0906837612735879,0.0584350349164856,0.0525227957563172,0.0515095599871354
135,0.0907394153674838,0.0583866617273447,0.0529112202471851,0.0520533296945419
136,0.0909022994408061,0.0584543218086908,0.0523755444082077,0.0512476879134985
137,0.0900942465797284,0.0592094139395554,0.0552951735673998,0.0548591457986773
138,0.0951090826391816,0.0630258973726423,0.0580154352203572,0.057358400746397
139,0.08976555155837,0.0584394910185761,0.0547453440988748,0.0542629853553411
140,0.0916632414225669,0.0587467443140674,0.0523138531214596,0.0510562997625629
141,0.0902011496654506,0.0602055454037942,0.0570047868289526,0.0564872240128026
142,0.0967023994118878,0.0641186923264741,0.0589714245454268,0.0583300919004142
143,0.0941899156776162,0.0614405466248184,0.0555584788105975,0.0545926591239688
144,0.0946850446800011,0.0622209710033112,0.0567124608848783,0.0558941997000045
145,0.0928554512473382,0.0602391527920946,0.0544103490791252,0.0532445331992825
146,0.0921511862601867,0.0597136709138308,0.0538894189136534,0.0528956638255357
147,0.0903866164645071,0.0591300693852312,0.0544766415416324,0.0538286263964066
148,0.0921343300153419,0.0603084947881828,0.0569143852832878,0.0566964409289824
149,0.0954297597382296,0.0635908856596368,0.0586627238205714,0.0580608163592045
150,0.0968256054628671,0.0643856015120463,0.0592497603041495,0.0586224309600522
151,0.0934891226443914,0.0611593342655705,0.0555414816203808,0.0546885326079583
152,0.0943598251555988,0.0626540786633169,0.0581815987623538,0.0577346437153977
153,0.0880354586494553,0.0567750300080585,0.052439628400089,0.0519042993321825
154,0.0972534545434139,0.0645830892631327,0.0594165168498348,0.0587746255184041
155,0.0908555001107906,0.058527258392776,0.0529864450199685,0.0519968349006088
156,0.0944990394978709,0.0620915077149437,0.0565107151409362,0.0556968378980148
157,0.0921411759350871,0.060364646680998,0.0557960262870197,0.0549859953083671
158,0.0934288768695377,0.0616634926725931,0.0576150427686661,0.0569791551297882
159,0.092412885370682,0.0595443221637376,0.053271220584057,0.0520966840179308
160,0.0894312776299414,0.0567420412455158,0.0504736722732327,0.0492183573611353
161,0.0882294075927165,0.0572429347201664,0.0532864208181794,0.0532487741017357
162,0.0951605352892786,0.0623174956210611,0.0565310681123008,0.055620926534077
163,0.0925939882649076,0.0612332068087358,0.0570619268741051,0.0567710041164174
164,0.0904961367548986,0.0583745825072588,0.0530058392916719,0.0521617954693623
165,0.097529431552145,0.0647547478398683,0.0594887948797005,0.0588030340277657
166,0.0913338317613341,0.0587594707033468,0.0526725279921144,0.0515278529418825
167,0.0930591194666874,0.0606680193453245,0.0548713934533897,0.0538648142312648
168,0.0954749972604351,0.0635860295883373,0.0583845555389781,0.0577026477386263
169,0.0907794933779456,0.0597474019616032,0.055386015133694,0.0548816422898109
170,0.0902150870504229,0.0577801860323806,0.0519557675372318,0.0509265312060691
171,0.0919320482971198,0.0590697632427634,0.0528386178087081,0.0516543595006807
172,0.0962425146725293,0.0635760525325744,0.0582585456769183,0.0575375787873095
173,0.0958963316495455,0.0633325033444168,0.0579595257511754,0.0568386076612059
174,0.0908153223173801,0.0599690010970033,0.0559677661374116,0.0555509515197577
175,0.0936785922863869,0.0620231084353934,0.0578000793724516,0.0574255351027019
176,0.0941511009705371,0.0620609792541386,0.0573566193128145,0.0567610829535152
177,0.0922801306424989,0.059863332311718,0.0537902498057226,0.0526738051875238
178,0.0933494807959883,0.0622727490934266,0.0582076603001821,0.057912176316603
179,0.0901974213338244,0.0579270875442417,0.0520973921747499,0.05116602219974
180,0.0912338003122625,0.0589031812141048,0.053229409123664,0.0522856552863323
181,0.09302782312335,0.0604109984878228,0.054529985221348,0.0534922835762684
182,0.0941102819257236,0.0614636891167845,0.0557909647128062,0.0548862609506325
183,0.0925377220002265,0.0601792282064944,0.0549664935715326,0.0540636795341566
184,0.0899030454655171,0.0571245995149131,0.0505076896445917,0.049128888901923
185,0.0943405717721745,0.0620229544858631,0.0566323038080363,0.055861258463392
186,0.0961628264625829,0.0641202252331125,0.059295386148513,0.0588018736197608
187,0.092137996678521,0.0597745251390719,0.0543408664219633,0.053479547319507
188,0.0903904502690067,0.0592872342382134,0.055203222905399,0.0546467457289991
189,0.0922336891174129,0.0598454674739945,0.0555924679429514,0.0549941135967457
190,0.0938855698386526,0.061655491187235,0.0562889751838023,0.0555193801533282
191,0.0911349651413043,0.0589253830252639,0.0541514726089452,0.0535392097219302
192,0.0901816093367262,0.0580756966238722,0.0523083608164995,0.0513150295561624
193,0.0897383063179582,0.0569006260316581,0.0502407311185447,0.0488345773608884
194,0.091405011806698,0.0594299772914768,0.0538183260411057,0.0529006284033096
195,0.0928743488807745,0.060574751885124,0.0551541529969894,0.0543196077106676
196,0.0919949036053866,0.0596891224773117,0.0537954354177382,0.0527757595521547
197,0.0914916139233263,0.0586199648297411,0.0522210226803012,0.0509625133725414
198,0.090465036737117,0.0593335995292707,0.0550002283598759,0.0546252732862092
199,0.0937726305657371,0.0615707131946845,0.0561502290987551,0.0553658214918508
200,0.0941202133744792,0.0624916973641959,0.0575276305059687,0.0563551104555247
201,0.0964000355446188,0.0637084063741838,0.0587836162164715,0.0581431564638888
202,0.0963302622359666,0.0635453804862151,0.0583920263788643,0.0576693168179242
203,0.0965560702459852,0.0645159122461048,0.0595935772558845,0.059007599978701
204,0.0938803596869751,0.0620338923126762,0.0573815034435434,0.0568729128433484
205,0.0927086535710951,0.0601898327918235,0.0543944551166531,0.0534218426756703
206,0.0958353502901323,0.0633543382616521,0.0581905077144971,0.057439755547518
207,0.0902798069623265,0.057809752390986,0.0518525347209724,0.0507544054368889
208,0.0946632295936459,0.0628696811830528,0.0579378621731965,0.0573598581846425
209,0.0932987679575317,0.0623537934481419,0.0583579458311716,0.058034165158545
210,0.0953643065769282,0.0635280310435524,0.058231953415893,0.0574973662004878
211,0.0912930619114227,0.0590586964824338,0.0535722969164279,0.0525919619647602
212,0.0900813047028618,0.0584663205163967,0.0550649381488489,0.0547054667216951
213,0.0947503417857729,0.0622018920247738,0.0568340784292124,0.0560702969126352
214,0.0924042041346986,0.0613694614167754,0.0578764820351747,0.0574479266416263
215,0.0932395439802172,0.0610554733335165,0.0564605407882394,0.0558467852605029
216,0.0949160162422397,0.0623897127958118,0.0568685945762721,0.0560700413206081
217,0.090188674137502,0.0576065201297282,0.0511139070793954,0.0497941552789665
218,0.0924044008889945,0.0601449128417819,0.0538660041393806,0.0523753616940688
219,0.0940464499558341,0.0614485329401708,0.0556452161830616,0.0547076303428382
220,0.0889558212684816,0.0561558948018505,0.0493311743436871,0.0478281852225412
221,0.0918700431501266,0.0596554057130096,0.0553043338623249,0.0547582951754698
222,0.0911402769466805,0.0588652429919939,0.0549238718315596,0.054252438581014
223,0.0905074042697514,0.0575958673445937,0.0509966027811833,0.0496353089417023
224,0.0881526421923029,0.055383954855028,0.0486723199189194,0.0471944631511071
225,0.0954031690884264,0.0632337792303195,0.0581277810155569,0.0574815693657336
226,0.0934242401524595,0.0615786492737112,0.0564754199776485,0.0557953500612315
227,0.0913575710281287,0.0592358204893027,0.0536111099325228,0.0527019952775354
228,0.0902553255540452,0.0578183685469916,0.0517683879889003,0.0506454042241296
229,0.0951930301597476,0.062456405882339,0.0569685557355163,0.0561734480224301
230,0.0965459554219784,0.0642882543102097,0.0593612889573971,0.0587859641016867
231,0.0942320494641534,0.0616375240872745,0.0561345468746493,0.0552948264734286
232,0.0899834889854448,0.0576170903362273,0.0522116732327024,0.0511974181813995
233,0.0894354257591554,0.0567098479966392,0.0501436857798667,0.0487834329100612
234,0.0916706479663754,0.0590466785302628,0.0536559414703521,0.0527603056412236
235,0.0888479559426864,0.0566426135297777,0.0504884056731665,0.0492883790632851
236,0.0965246596957497,0.0642967246667796,0.0590526754985136,0.0580527700563544
237,0.092012108982874,0.0591789729607893,0.0528884481839634,0.0517009223105648
238,0.0940844979013522,0.0612471448729271,0.0553161474291851,0.0543278198036416
239,0.0962809325273233,0.0637671837785993,0.0583624216763071,0.0576267673278035
240,0.0962864778485017,0.0644146016151597,0.0595823173618859,0.0590170713951783
241,0.0908977244952833,0.0582189740556456,0.0521855059936977,0.0511086648895392
242,0.0889707571814101,0.056186541188944,0.0495742881020348,0.0481651124316707
243,0.0919050275404977,0.0597382375019132,0.0539878307336735,0.0530253147633473
244,0.0914360742052192,0.0606293134371956,0.0570720382743681,0.056413243374726
245,0.0964981986362453,0.063805417952464,0.0585261147243757,0.057819525168294
246,0.0920028228467926,0.059525808174529,0.053523545088496,0.0524731450305019
247,0.0918901722341656,0.0597920552983783,0.0541348292945593,0.0532209267787467
248,0.0897377338202754,0.0580139582914851,0.0527701037246606,0.0519697377565316
249,0.0910256307161244,0.0586726991974743,0.0525528186280502,0.0511876110427365
250,0.0925043523687131,0.0607971137630338,0.0563473021619424,0.0558893912980019
251,0.0936782251788706,0.060858289229957,0.0549900516646027,0.0539893410489774
252,0.0892636154253601,0.0565761617917298,0.0498900041470125,0.0484622018145324
253,0.0884386211879486,0.0556466560643312,0.0487488983447968,0.0471916447153451
254,0.0918909993517454,0.0590517900913538,0.0527538832330057,0.0515638143533246
255,0.0886404824205412,0.0556947853486352,0.0487320688021181,0.047149927234265
256,0.0899037360875615,0.0573038057754736,0.0509242848211727,0.0496745545368128
257,0.0937636334518562,0.0611198818600575,0.0554740752079651,0.0545999381600703
258,0.0950270643851727,0.0624009479699908,0.056715823548104,0.0558363851921348
259,0.0923350582196862,0.0611141801094256,0.0573610443531479,0.0569145722794875
260,0.09449497132752,0.0619019045497381,0.0565244550200033,0.0557231887467439
261,0.0889112690010246,0.0561509167583252,0.0493748211043637,0.0478914357955233
262,0.0941006256732738,0.0613030471847349,0.0553816992271141,0.0544021471066565
263,0.0941393476889218,0.0628304474181326,0.0585282917721257,0.0581219558801762
264,0.0915045851772243,0.0591405944826242,0.0534607258369365,0.0525189620310018
265,0.0945374321982451,0.0629426706224039,0.0585672754511634,0.0581116645433578
266,0.0918530299268155,0.0597717195657447,0.0545452221076775,0.0538087618309731
267,0.0925484189295662,0.0599078430991077,0.054578202279122,0.053661771855707
268,0.0911001626604664,0.0588156202150905,0.0537273795771827,0.0529380927102423
269,0.0955357532457604,0.0630917720865889,0.0577137854285967,0.0569426253338001
270,0.0887490875724477,0.0559196939672069,0.049164501961502,0.0476864439359277
271,0.0931339778215753,0.0608381356321261,0.0552425289614451,0.0543908601703229
272,0.0946373520492094,0.0619956857909082,0.056401185983884,0.0555759718745903
273,0.0971739664925679,0.064525708307509,0.0592819963557758,0.0586019055541627
274,0.0923701868519311,0.0596339953833355,0.0535548386489219,0.052469062513187
275,0.0949414749718533,0.0620959770078734,0.0563187085696649,0.0553987701994169
276,0.0949476770519514,0.0624218993619836,0.0567851706738059,0.0559361926025927
277,0.0909117287680665,0.0582589246930355,0.0521891278757317,0.0510729332688429
278,0.0904747028356702,0.0584271305209126,0.0535155610953942,0.0527951594539929
279,0.0928086155955273,0.0615036197553188,0.0573547743843777,0.0567631012288743
280,0.0947196277020337,0.0624540981868304,0.0573209163279784,0.0565651371587202
281,0.0950417245864565,0.0625788500301093,0.0570261673354911,0.0562030332678255
282,0.0933612062510691,0.0610231854002174,0.0552026300291646,0.0542400105209329
283,0.0908276316100773,0.0607062155460803,0.057546211441891,0.0574838312221915
284,0.0929958689713622,0.0612194378648361,0.0562087139820517,0.0555491310949438
285,0.0963276951576238,0.0636724819737523,0.058231290405712,0.057479789859564
286,0.0906825788815713,0.0587980920519306,0.0534617031442513,0.0526308810886709
287,0.0945915312765939,0.0627930563744853,0.0578913575792944,0.0573015323670652
288,0.0919106221657839,0.0612456246762874,0.0576364405555954,0.0570992523498494
289,0.0905051054488264,0.0584486650843213,0.052380293475846,0.0512629524033266
290,0.0928675159533302,0.060437237560303,0.0546985772916076,0.0537696034478907
291,0.091811785556221,0.0606077587735507,0.0563242866340608,0.055839678212175
292,0.0925676529157545,0.0597521187621419,0.0536015621980598,0.052456762043103
293,0.0927011363885152,0.0611048619617198,0.055889510414586,0.0550897973941187
294,0.0948912796097458,0.062233557256719,0.056668822819447,0.0558412884098781
295,0.0939980001238864,0.0621280621842576,0.0573366665877936,0.0567981173299883
296,0.0904252386138243,0.057822760475662,0.0515443742598532,0.0503236022950492
297,0.0948909408998177,0.0627885451098688,0.0576940925778255,0.0570418233119557
298,0.0949199727199155,0.0627622314999594,0.0575425608674351,0.0568555228890733
299,0.0890129539704108,0.0562228612548252,0.0494497406209065,0.0491350173025603
300,0.0930705555522797,0.0607561987765486,0.0549796100210728,0.0540361900062267
301,0.0940621736432316,0.0611977377307312,0.0552139393288061,0.0542033812508227
302,0.0951742047945375,0.0633974881130811,0.0584758575220929,0.0578726338373512
303,0.0896218134147617,0.0573963492109459,0.0516279538029608,0.0505141661341369
304,0.0919438761868857,0.0593164905415825,0.0533116962069848,0.052248534980776
305,0.0939823911402021,0.0619506067933409,0.0567088080560189,0.0559951209064158
306,0.0938018545705979,0.0618332056210222,0.056497336783361,0.0557737469379901
307,0.0890633109088753,0.056162207662423,0.0493553400217548,0.0478619649107542
308,0.0917350230061457,0.0594432394912032,0.0535591461467686,0.0525464178752211
309,0.090543581502897,0.0580174955143588,0.0520320012681616,0.0509455242615507
310,0.0907842508315764,0.0580229172297387,0.0517046408588926,0.050479101284335
311,0.0925150172957648,0.0610430059621273,0.0569516461115065,0.0566238974688371
312,0.0908757701709272,0.0596840248726897,0.0555553214968463,0.0546047063541838
313,0.0956021913391692,0.0629443145700497,0.0575081119682621,0.0567321777676914
314,0.0952113976801859,0.0627869552369663,0.0573725608334962,0.056591367529375
315,0.0903140889783213,0.0578515976125412,0.0520939094417872,0.0510725583799092
316,0.0904956829984836,0.0591457661723486,0.0539494300599419,0.0530945150914002
317,0.0945133160133339,0.0624943332340402,0.0571973927611684,0.0564721109453935
318,0.0908484623735276,0.0587269147695803,0.053182131920944,0.051907107383011
319,0.0890020867648541,0.056192841208828,0.0491882181993694,0.0498320811423708
320,0.0947183602654503,0.0624551619000279,0.0572348201242577,0.0564103463484588
321,0.0954595431190057,0.0629856950962114,0.0580301067510433,0.057377039251869
322,0.0929880380119819,0.0605217276834512,0.054971431639693,0.0540900411623172
323,0.0916855046718346,0.0592890810007738,0.0531993846025516,0.0520964529417792
324,0.0912120795340576,0.060923628583038,0.0573075123756555,0.056812965598841
325,0.0898721016737944,0.0573148926393866,0.0509579924936084,0.0497015707605982
326,0.0931813470666464,0.0612059294967485,0.0562435677944643,0.0555833819974926
327,0.0928618931044252,0.0612151768155781,0.0567859783883404,0.0562651781859231
328,0.0904580750018933,0.0584313636722792,0.0529187499103809,0.0520260758433821
329,0.0917467193958117,0.0590932223733232,0.0529226331736564,0.0517819549827925
330,0.0961256643554751,0.0635860037219205,0.0583307297204997,0.0576522081100952
331,0.0895604306905184,0.0570446725390459,0.0508650507933845,0.0496488304761287
332,0.0919385418178696,0.0608108046307417,0.0568085500694983,0.0563150784496643
333,0.0923167749472449,0.0604016899634945,0.0560563397166311,0.0553950756204084
334,0.0940219653290218,0.0620239226391035,0.0568099078369195,0.056033898858532
335,0.0935273827717912,0.0613116719442465,0.0556936303163725,0.0548295774790555
336,0.0927227654330765,0.060441232391938,0.0547745401366241,0.0538746169014727
337,0.0956828923248256,0.063685435863864,0.0587725557677736,0.0581615486324689
338,0.0970466022164147,0.0643829886296509,0.0590602627860587,0.0583698808244414
339,0.0933947203589727,0.0614928918099718,0.0562200991410689,0.0554956097989169
340,0.0961231633390068,0.0641137976768332,0.0589601498922102,0.0583239849247175
341,0.088852258072076,0.0562361416184433,0.0496941980109707,0.0483233962466267
342,0.0935767426304839,0.0615253618869503,0.057454736294016,0.057052152461473
343,0.0938878930660182,0.0619076298809167,0.0566140212780713,0.055886637372046
344,0.0925129187576273,0.0605546651005617,0.0553924242948187,0.0546468300331159
345,0.094184925892628,0.0624770731359228,0.0580072750786827,0.0573097093742946
346,0.0937773927358615,0.0617966861301526,0.0564881749959113,0.0555514152382509
347,0.0920153421061629,0.0603486303065919,0.0558732678783899,0.0552990091827709
348,0.0941856620406171,0.0627728632791981,0.0583605862492371,0.0579452311272032
349,0.0905855218459142,0.0579041964320768,0.0516442963031841,0.0504338206764421
350,0.095636353889908,0.0632377442899217,0.0580198592636138,0.0573541777817848
351,0.0936198539414012,0.0607588818363211,0.0547100329538659,0.0536586896020539
352,0.0969199090464709,0.0644725589608513,0.0593624807180745,0.0587371136652154
353,0.0920252682296783,0.0593267110054427,0.0531885307654827,0.0520700186633183
354,0.0908831843096927,0.0600065057048998,0.055701475302158,0.0550669391468575
355,0.0919181953679421,0.0602151825787975,0.0551452344334214,0.0544140755580273
356,0.0961315409571624,0.0644607636547388,0.0595881332665187,0.0590513785167921
357,0.093907642397682,0.0616077545618135,0.055961010696451,0.0550831031107907
358,0.0903993781036606,0.0587910642011262,0.053627594567976,0.053031452232383
359,0.094841446225799,0.0625078407990674,0.0578096084393209,0.0572551807616066
360,0.0959139393512866,0.063744956925134,0.0583575820903844,0.0570948364879107
361,0.0972212658891054,0.0647482512416614,0.0596573464256134,0.0589710267529705
362,0.0908850991760196,0.0580856551501963,0.052184635788522,0.0511496515381934
363,0.0923662634795041,0.0623296503585756,0.058225849267319,0.0579596141228543
364,0.0907511774935757,0.0583125423231321,0.0521129953835951,0.0509494106195942
365,0.0945386839687322,0.0618713394455299,0.056126345676379,0.0552211725256406
366,0.0935608293503883,0.0608697820094568,0.0549298494341908,0.0538592966191094
367,0.094164140279487,0.0618940630550237,0.0568032946424572,0.0560878087718898
368,0.0936002064282267,0.0613691460534788,0.0557273624077476,0.0548581158071515
369,0.0904838741399638,0.0583360034621203,0.0531624772983165,0.0521271618621325
370,0.0907482752979565,0.0587387104934577,0.0535314368905775,0.0526087500539437
371,0.0915046835299873,0.0588033316758647,0.0525819313797999,0.0514160705378622
372,0.0878934897987293,0.0550212221275701,0.0480160045519201,0.0463950533240762
373,0.0951322188048018,0.0626601990813524,0.0571599775759628,0.0563276662652414
374,0.0913335816955677,0.0585518760801114,0.0522742952777619,0.051059769150586
375,0.0930691462572915,0.0611087103601972,0.056214041722434,0.0555338769517072
376,0.0926813963761662,0.0604902859816494,0.0546986013405585,0.0537380873142931
377,0.0958652259085563,0.0635023579252329,0.0585394365640396,0.0574802180570142
378,0.0930412134318734,0.0608933914820999,0.0554272939327352,0.0546267782965793
379,0.0928339374585408,0.0613251232801984,0.0573107368324526,0.0569821249611712
380,0.0955975426721966,0.0632978909277062,0.0581040174173997,0.0571498125925044
381,0.0900833600069178,0.0573544784787964,0.0511531091635106,0.0499481548332372
382,0.0939597397281706,0.0623125306389909,0.0574526320153711,0.056901320767133
383,0.0898577833017875,0.0573263915239335,0.0511472098541437,0.0498826840553519
384,0.0932269568777922,0.0625357953243092,0.0585920159828287,0.0583798291113311
385,0.0965023789593213,0.0640220865309461,0.0589275845160079,0.0582607917191523
386,0.0902667073247249,0.0582730567432744,0.0540990956640109,0.0535657558007363
387,0.0933599945388629,0.0607879774735864,0.0548758692913174,0.0538826110736542
388,0.0918847888046395,0.0595244044941401,0.0539690146010264,0.0529882883978038
389,0.0942464548349336,0.0621538309532874,0.0566975183417063,0.0559021428981528
390,0.0949791640420956,0.0627191587296268,0.0573911127347738,0.056655050829604
391,0.0935045586683429,0.0610931657847963,0.0556291135718343,0.0547947479896895
392,0.0938973665854835,0.062051187848205,0.058137612397132,0.0577712974728298
393,0.0943336179301386,0.0626671936597493,0.0578537440361377,0.0571754176458654
394,0.0945611561227982,0.0617989384524629,0.055951979679757,0.0550081638280412
395,0.0953514793543173,0.0630066025880494,0.0577305204484648,0.0569676718781477
396,0.0969250741748286,0.0643961291885256,0.0592835563230699,0.0586733605815654
397,0.0968944011972845,0.0645906052353649,0.0596262658627197,0.0590581125677631
398,0.0969456520756063,0.064344136720493,0.0591071453964938,0.0584316881331097
399,0.0913653908508768,0.0591093376956577,0.053496638564874,0.0525704117843367
400,0.0909094616806015,0.0587654823180497,0.0529880104156349,0.0522600263911688
401,0.0949624193161661,0.062493947929579,0.0571523908200214,0.0564261788671282
402,0.0962819787210658,0.0639803947291717,0.0589587422194053,0.058339553143896
403,0.0932363836739251,0.0616152196237645,0.0578148516851891,0.0574616661326881
404,0.0938919647815104,0.0616981908354063,0.056411469431853,0.0554267933954877
405,0.0954022330814638,0.0632257787865197,0.0581733617852573,0.0575254608456545
406,0.0915127822276495,0.0604488402628278,0.0562132852481936,0.055181331093923
407,0.093825582632859,0.0615382825986441,0.0559510473081502,0.0550886614768458
408,0.0954467455051768,0.0638073987200777,0.0592588094699251,0.0588511932110233
409,0.0929326822289878,0.0601269594228196,0.0540333817125712,0.0529518060449728
410,0.0905213047199943,0.0592953175801754,0.0558966241773462,0.0556538032576818
411,0.0904182485643468,0.0575091953817957,0.050940816837158,0.049592526769783
412,0.0902423098681225,0.0573067715836542,0.0506298415518924,0.0492250834263582
413,0.0916945486348592,0.0592732072635058,0.0536803236903037,0.0527561935263221
414,0.0904271559314817,0.0576395198879126,0.0510963728562785,0.049761777851982
415,0.0912855623798019,0.0595388985305275,0.0549633845650025,0.0544135427698378
416,0.0914419760961419,0.0591683305928125,0.05327344665453,0.0522539626771877
417,0.0908821506726569,0.0589368700110477,0.0536843981281203,0.052899446023289
418,0.091261812996946,0.0598736362617914,0.0558095854923174,0.0547718653983906
419,0.0903656382064425,0.0582078628813727,0.0523072564049476,0.0512515350813485
420,0.0934234009326989,0.0613029479773926,0.0557140439729302,0.0548039458217561
421,0.0920098321512987,0.0601431516518211,0.0554344150253889,0.0548591279875412
422,0.0925938107894048,0.0606202605167362,0.0552938097260407,0.0545197743582088
423,0.0955346579772361,0.0630926866478951,0.057826049541047,0.0570581753224941
424,0.091194867151443,0.0584830790206909,0.0523027089543604,0.0511463263221833
425,0.0951128932792573,0.0629492279254191,0.0583350734610691,0.0575047003175593
426,0.091338869264758,0.0589400691479324,0.0530356502709003,0.0522379997430448
427,0.093052068184568,0.060538080857477,0.055701588305952,0.0550385994951621
428,0.0953196408316375,0.0632147042202651,0.0585225801327873,0.0581016788912922
429,0.0897198632326294,0.0573103160156924,0.0512051634013007,0.0500589014584703
430,0.0973286618029884,0.0646702439702292,0.0593648548292814,0.058678635446668
431,0.0964677055104294,0.0641518165982675,0.0590894412276856,0.0584734958776469
432,0.0953353751118869,0.0630034625008436,0.0576120386362706,0.0567154973373795
433,0.0879990711446038,0.055624017517049,0.0492662542825003,0.0479475036237564
434,0.0929686187955396,0.0606312555438177,0.0553269500476125,0.0542891326315513
435,0.0912348523604103,0.0606898117209372,0.0572166719624231,0.057058804638762
436,0.0948057592027785,0.0627886813571809,0.0579202238227255,0.0573448237213937
437,0.0909802360769885,0.0592484070027727,0.0550506701667412,0.0548520114263472
438,0.0962532917230274,0.0642017668585462,0.0591599554722047,0.0585137379482955
439,0.0903909514225956,0.0589307010484739,0.0553660695302965,0.0550060136594594
440,0.0906813695588482,0.0577847506879633,0.0512093815878879,0.0498641359480893
441,0.0943344953406452,0.061861414405308,0.0563477496530364,0.0555220619705262
442,0.091326735174696,0.0598405685107887,0.0554775045674492,0.054978976660116
443,0.0882408197145372,0.0553152092735654,0.048310763176812,0.0466976138134845
444,0.0942455329743857,0.061359536606517,0.0553860441275042,0.0543818153275142
445,0.0879178112152773,0.0561019648041917,0.0507877429948023,0.049905139056386
446,0.0937248556283252,0.0610207092717725,0.0552507081171365,0.0542986281704643
447,0.0925242612582403,0.0598519782191591,0.0538290609792676,0.0527665226936392
448,0.0924248478992235,0.060687810849069,0.0568248139826206,0.0566935741266214
449,0.0903856138983056,0.0577675265397522,0.0513336169968057,0.0500514372505121
450,0.0939846658798833,0.0620511711453764,0.0565886932539175,0.0555338388473645
451,0.095308235064765,0.0635738666103643,0.058894607903127,0.0583592478355294
452,0.0925903173839952,0.0609309385595166,0.0557400230745363,0.0550976804060657
453,0.0905722804972941,0.0587612908588904,0.0534354237528416,0.052609443977551
454,0.091985567135912,0.0605744330982192,0.0559325278563509,0.0553480406122833
455,0.0906219370927359,0.0587258715949943,0.0532202349761753,0.0521329651539149
456,0.0955760385818899,0.0633460285607122,0.0582164870886168,0.0575752110911157
457,0.0891150311945082,0.0571784408011892,0.0515615393732756,0.0505803304322182
458,0.0943346740736809,0.0618839496626358,0.0562760779548466,0.0553646108326218
459,0.0948660395698787,0.0627480041505163,0.0574222015632785,0.0567085834528199
460,0.0938424077985575,0.0611694431517684,0.0554449424187915,0.0545286615902064
461,0.0927943146307794,0.0603817192577521,0.0544482051232956,0.0534418705995921
462,0.0900421994134388,0.0592585078342711,0.0546646882968219,0.0537616245102746
463,0.0928145129720659,0.0611297323826053,0.0561411726231213,0.0555098101010803
464,0.0939375217858199,0.0613190614657798,0.0562994434323022,0.0556127749671548
465,0.0963562311648517,0.0642347276466744,0.0593459362323894,0.0587902609360945
466,0.0943735451016568,0.0619131140918738,0.0568046379186264,0.0559464357818669
467,0.0883731409933396,0.0574325407236721,0.0524560737698797,0.0516563997901083
468,0.0920507499452491,0.0592552139358457,0.0529898525510306,0.0518162774437252
469,0.0923563105524861,0.0602605055778931,0.0543944802045264,0.0534155006078483
470,0.0930568604034931,0.0606034538715407,0.054777975182856,0.0538207711920947
471,0.0879243931757364,0.054999065839256,0.0479688736459126,0.0463349969620976
472,0.0926970566454336,0.0608738026974793,0.055626909223512,0.0546957692510215
473,0.0968318422636377,0.0643118607005047,0.0590974508193826,0.0584022455894556
474,0.0949762220446423,0.0629950428311286,0.0580734882183691,0.0575041238771295
475,0.0917891700178494,0.0595173744783815,0.0545636003249307,0.053884431445427
476,0.0935153439830281,0.0612267218446054,0.0555100018206761,0.0546095480005659
477,0.0917983489668473,0.0598959010482489,0.0547225310633981,0.054017522256957
478,0.09124431065005,0.0588882412942936,0.053006865744895,0.0519518910178839
479,0.0945246613428092,0.062147190026854,0.0569860794369431,0.0563114583026769
480,0.0920433226273789,0.0594994769494494,0.0536488241470271,0.0526277508753072
481,0.091257862205066,0.0597852527639649,0.0549748718568212,0.0539405644700976
482,0.0947532586415255,0.0626783676976512,0.0577333836077347,0.0571481783120228
483,0.0972711497316196,0.0646937152852177,0.0595348048387384,0.0589013200482022
484,0.0938782168195043,0.0612194108953373,0.0554385983842255,0.0545989871956192
485,0.0946918919538375,0.0630334427548662,0.0585926139510066,0.0581638296305296
486,0.0948837743623097,0.0623444116123903,0.0567168357648526,0.0555939764486183
487,0.0941507667506189,0.0617501173010067,0.0564026126280942,0.0556674372626135
488,0.0921830059257839,0.0599082338324996,0.0541495327777429,0.0532058155284748
489,0.095578438457293,0.063283378155916,0.0580621923077682,0.0573433425595534
490,0.0911401507909996,0.0590073867594262,0.0536553735413183,0.0528012727014901
491,0.0929796262335593,0.0611268978868994,0.0567413704724442,0.0559914449190172
492,0.0933881347524581,0.06228690211826,0.0583050137837547,0.0579644241975019
493,0.0914090919549494,0.0594903314124755,0.0540058970809759,0.0531080203663942
494,0.0901470714485361,0.0574919930509525,0.051090359809548,0.0498131552701554
495,0.0918859424631112,0.0597274305825542,0.0552768746497824,0.0546544894846209
496,0.0957121897828691,0.062944623737552,0.0573467464530328,0.0565126335947723
497,0.0941530847994611,0.0617239375536369,0.056167788374454,0.0553198271587662
498,0.092908572848553,0.0617755892703102,0.0579174509751029,0.0576901150050271
499,0.0931614979398166,0.0625039006774105,0.0582206082256776,0.0577474824006943
500,0.0929670993618641,0.0607494601736963,0.0553401991752243,0.0545435665174927
501,0.0924764891181885,0.0600365634887073,0.0542515028342696,0.0532627837186501
502,0.0918132499238375,0.0590328958893425,0.0527690823641227,0.051526169407907
503,0.093406287002587,0.0621281962291168,0.057035354038086,0.0563758330587931
504,0.092675557981998,0.0609134428863154,0.0564021553427738,0.0557946087796035
505,0.0897676820098299,0.0572090520381713,0.0508856239700202,0.049654006033724
506,0.0931525434963624,0.0607110401577978,0.0550148847429382,0.0541070561864723
507,0.090978611900056,0.0590661302628563,0.0536606829869625,0.0528257774420494
508,0.090867676912283,0.058470258600116,0.0525995134374438,0.0515524273164304
509,0.0892748090340041,0.0589235239643572,0.0556768448800256,0.0554449406354026
510,0.0913060236997586,0.0589435867654021,0.0531891076916686,0.0522166025385031
511,0.0930741536305043,0.0601816585414174,0.0540093248462536,0.0528972709075539
512,0.0912752291090011,0.0583636238358226,0.0518956395559446,0.0506131724854366
513,0.0911344760484028,0.0598084293765978,0.0556769543988674,0.0549340352688454
514,0.0926952348551169,0.0600913449356276,0.0547180017088198,0.0539141346242245
515,0.0942896125367199,0.0621331245308117,0.0567478001489514,0.0558712328068415
516,0.0940980678522468,0.0618654222333057,0.056520747691249,0.0557627553456355
517,0.0956653138717374,0.063667662397507,0.0588843883630162,0.0582912475166475
518,0.0940765011213178,0.0621115472125254,0.0570501441629082,0.0563730786666513
519,0.088085268455862,0.0552493096983246,0.0484279399181841,0.0469126877507066
520,0.0913112650567921,0.0596857059240566,0.0551168658853426,0.0544519386439455
521,0.0943925715399138,0.0621825433712562,0.057197907527557,0.0564098265583426
522,0.0943989657166295,0.0625304474754106,0.0572546690013517,0.0565150843487224
523,0.0951644392335422,0.0630387821241195,0.0579105493421784,0.0572651265932072
524,0.0919010175259584,0.0594889729342239,0.0534585313629642,0.0523828872726094
525,0.0927998437760327,0.0611157715815071,0.0569081904504603,0.0564744997126721
526,0.0941710311335674,0.0617710980294026,0.0563197209347332,0.0555049565119411
527,0.0969213511919978,0.0643449421710359,0.0593653302977504,0.0587671158738809
528,0.0922932839108521,0.0612577784259184,0.0566674257604734,0.0561053352273474
529,0.0948059616590507,0.0624641708245929,0.0569431812123969,0.0561326339139652
530,0.0922905404818381,0.0604792439533106,0.0553056334282809,0.0545634694253039
531,0.0888309854579977,0.0573055743506615,0.052756811477593,0.0517676480054172
532,0.0959390920749413,0.0638078400776109,0.0589197343059003,0.0583463842839388
533,0.0932060856665549,0.0614403890828054,0.0564494795198134,0.0558301231483114
534,0.0896972081191593,0.0577884239722015,0.0532568385218892,0.0525903801756819
535,0.0927449614997624,0.0605014315692119,0.0548485633786679,0.0539459561771347
536,0.097061625722738,0.0644170629967232,0.0592510184758703,0.0585946368814592
537,0.0933316647565548,0.0615931467215396,0.057113656518377,0.0567004422575269
538,0.0966825880940083,0.064568663745621,0.0596407818588527,0.0590734575131199
539,0.0935871620587582,0.061535904581632,0.0566696075709205,0.055971871335306
540,0.0928624788813992,0.0607834932993387,0.0551645398927182,0.0542663835320941
541,0.0945812676529482,0.0623971963814981,0.0571228092814825,0.0564124342519383
542,0.0882430842261219,0.0555905834786255,0.0489603372024299,0.0475340313652653
543,0.0912580894547596,0.0589871234965636,0.0528710466823657,0.0517422716917276
544,0.0938486785742283,0.0611282593735073,0.0552967555193549,0.0540431789595473
545,0.0904747009825669,0.0579850821478114,0.0517612299156118,0.0505735484430936
546,0.0887478148248701,0.0558191968818133,0.0488868590158695,0.0473227567671254
547,0.0900141363648009,0.0571189608541354,0.0504932213262214,0.0491072355536307
548,0.095382219365242,0.0633445825393635,0.0582847633251083,0.0576190909817469
549,0.0923517207551879,0.0597958133511014,0.053864732927366,0.05285113954639
550,0.0979147467379733,0.0651190224280272,0.0598735843950902,0.0592106842614395
551,0.0899741132356464,0.0574986476340914,0.0515769523726922,0.0504875925496227
552,0.0939408375222232,0.0628980419482142,0.0585526615123774,0.0581182634329402
553,0.0927322073825929,0.0598145147237649,0.0535692381918744,0.0524214369998821
554,0.0937926753308751,0.0612895127506627,0.0554798677100347,0.0543416282729244
555,0.0924771684332712,0.0603111164954873,0.0548453962339691,0.0541149621973643
556,0.091904299763587,0.0593661755294037,0.0531944676843846,0.0520443621284581
557,0.0939061742927647,0.0613644575110066,0.0556152916019814,0.0547012818613331
558,0.0904259203394987,0.0586301478120299,0.0550501982989096,0.054840265958337
559,0.0897075710421933,0.0586363875599472,0.0542793301079796,0.0536580127954424
560,0.088884639012978,0.0589173287412291,0.0555703513742308,0.0553086323888096
561,0.0944322027172551,0.061812474082684,0.0560983994335561,0.0551955778816887
562,0.0918297340153991,0.0593825121130221,0.0535611744006102,0.0525716447941269
563,0.0906614520302261,0.05863308701435,0.0529347070362781,0.0519086579314124
564,0.0923793493053793,0.0604168125136383,0.0548849681508866,0.0540323435989014
565,0.0915498979463498,0.0591113220168013,0.0530690744707581,0.0519662480102937
566,0.0945338296463967,0.0619306471181774,0.0563474277775127,0.055503399775534
567,0.0913967238563073,0.0603341676968903,0.0564222862450547,0.0558649812992988
568,0.0945207088753151,0.0620015259929746,0.0564275662664791,0.0555901944545698
569,0.0932572186632925,0.0609834790869693,0.0557170514625958,0.0549290284034428
570,0.0894665208169572,0.056767006142635,0.0504357068502736,0.0491715721938379
571,0.0933016525909225,0.0608244998133494,0.0550167817293366,0.0540682698328162
572,0.09513594532646,0.0632115175423815,0.0583116679732529,0.0577991701347365
573,0.0930485076605226,0.0610348444089132,0.0552812177076312,0.0543461547683365
574,0.09017088301583,0.0595283921467578,0.0558864234066671,0.0554491610243962
575,0.093203690451636,0.0614232741467601,0.0569199405467444,0.056403050010895
576,0.093852252146039,0.0615242738328889,0.0561220934462967,0.0553328502474929
577,0.0943252648181694,0.0625695750674494,0.05775140118184,0.0574587135939562
578,0.0911810074540597,0.0593265898962132,0.0541389387248985,0.0532332025104552
579,0.0944808663920625,0.0628814683397853,0.0581418653238261,0.0576009061388429
580,0.0887960649209136,0.0559851585120092,0.0493242233090057,0.04788499428758
581,0.0914325231075625,0.059043849852469,0.0543201828042045,0.0533738021508201
582,0.096751537326197,0.0641828976834433,0.0591777377153902,0.0585916125082969
583,0.0919677113857856,0.0595994921773359,0.0536824498798858,0.0526595490737168
