turnover_cap,no_external_width,D44_width,D398_width,D577_width
0.0,1.0,,,
0.0019839679358717435,1.0019712729583947,,,
0.003967935871743487,1.0039503331016093,,,
0.0059519038076152305,1.0059372266639248,,,
0.007935871743486974,1.0079320002463537,,,
0.009919839679358718,1.0099347008202804,,,
0.011903807615230461,1.0119453757311516,,,
0.013887775551102204,1.0139640727022043,,,
0.015871743486973948,1.0159908398382436,,,
0.017855711422845692,1.0180257256294625,,,
0.019839679358717437,1.0200687789553105,,,
0.021823647294589178,1.0221200490884048,,,
0.023807615230460922,1.0241795856984952,,,
0.025791583166332666,1.0262474388564695,,,
0.027775551102204407,1.0283236590384135,,,
0.02975951903807615,1.0304082971297175,,,
0.031743486973947896,1.0325014044292329,,,
0.03372745490981964,1.034603032653482,,,
0.035711422845691385,1.0367132339409144,,,
0.03769539078156313,1.038832060856222,,,
0.03967935871743487,1.0409595663947013,,,
0.04166332665330661,1.043095803986673,,,
0.043647294589178355,1.0452408275019531,,,
0.0456312625250501,1.047394691254385,,,
0.047615230460921844,1.0495574500064198,,,
0.04959919839679359,1.0517291589737587,,,
0.05158316633266533,1.0539098738300534,,,
0.05356713426853708,1.056099650711662,,,
0.055551102204408814,1.0582985462224674,,,
0.05753507014028056,1.0605066174387525,,,
0.0595190380761523,1.0627239219141411,,,
0.06150300601202405,1.0649505176845968,,,
0.06348697394789579,1.0671864632734875,,,
0.06547094188376754,1.069431817696712,,,
0.06745490981963928,1.0716866404678929,,,
0.06943887775551102,1.0739509916036345,,,
0.07142284569138277,1.0762249316288492,,,
0.07340681362725451,1.0785085215821473,,,
0.07539078156312626,1.080801823021301,,,
0.077374749498998,1.0831048980287756,,,
0.07935871743486975,1.0854178092173299,,,
0.08134268537074148,1.087740619735693,,,
0.08332665330661322,1.0900733932743094,,,
0.08531062124248497,1.0924161940711619,,,
0.08729458917835671,1.0947690869176663,,,
0.08927855711422845,1.0971321371646463,,,
0.0912625250501002,1.0995054107283826,,,
0.09324649298597194,1.1018889740967432,1.0020599199145916,,
0.09523046092184369,1.1042828943353902,1.0042369555134703,,
0.09721442885771543,1.106687239094073,1.0064234711906126,,
0.09919839679358718,1.1091020766129984,1.0086195290037918,,
0.10118236472945892,1.1115274757292877,1.0108251915536164,,
0.10316633266533067,1.1139635058835178,1.0130405219894782,,
0.10515030060120241,1.116410237126348,1.0152655840155802,,
0.10713426853707415,1.118867740125235,1.0175004418970406,,
0.1091182364729459,1.1213360861712358,1.0197451604660823,,
0.11110220440881763,1.1238153471859031,1.021999805128301,,
0.11308617234468937,1.1263055957282695,1.0242644418690185,,
0.11507014028056112,1.1288069050019267,1.02653913725972,,
0.11705410821643286,1.1313193488621978,1.028823958464576,,
0.1190380761523046,1.1338430018234082,1.031118973247055,,
0.12102204408817635,1.1363779390662503,1.0334242499766213,,
0.1230060120240481,1.1389242364452503,1.0357398576355246,,
0.12498997995991984,1.1414819704963346,1.0380658658256812,,
0.12697394789579158,1.1440512184444975,1.0404023447756472,,
0.12895791583166333,1.146632058211574,1.0427493653476874,,
0.13094188376753507,1.1492245684241176,1.0451069990449378,,
0.13292585170340682,1.151828828421385,1.0474753180186689,,
0.13490981963927856,1.154444918263429,1.0498543950756447,,
0.1368937875751503,1.1570729187393043,1.052244303685584,,
0.13887775551102205,1.1597129113753823,1.0546451179887237,,
0.1408617234468938,1.162364978443783,1.0570569128034855,,
0.14284569138276554,1.1650292029709204,1.0594797636342475,,
0.14482965931863728,1.1677056687461678,1.0619137466792243,,
0.14681362725450903,1.170394460330641,1.0643589388384553,,
0.14879759519038077,1.1730956630661056,1.0668154177219031,,
0.15078156312625252,1.1758093630840036,1.0692832616576649,,
0.15276553106212426,1.1785356473146111,1.0717625497002976,,
0.154749498997996,1.1812746034963193,1.0742533616392607,,
0.15673346693386775,1.1840263201850467,1.0767557780074744,,
0.1587174348697395,1.1867908867637849,1.0792698800900002,,
0.1607014028056112,1.1895683934522736,1.0817957499328406,,
0.16268537074148295,1.1923589313168192,1.0843334703518668,,
0.1646693386773547,1.1951625922802445,1.0868831249418682,,
0.16665330661322644,1.1979794691319832,1.0894447980857314,,
0.1686372745490982,1.2008096555383168,1.09201857496375,,
0.17062124248496993,1.2036532460527571,1.0946045415630672,,
0.17260521042084168,1.2065103361265757,1.0972027846872496,,
0.17458917835671342,1.2093810221194836,1.0998133919660016,,
0.17657314629258516,1.2122654013104663,1.102436451865016,,
0.1785571142284569,1.2151635719087703,1.1050720536959682,,
0.18054108216432865,1.2180756330650517,1.1077202876266523,,
0.1825250501002004,1.2210016848826812,1.1103812446912633,,
0.18450901803607214,1.2239418284292165,1.1130550168008297,,
0.1864929859719439,1.2268961657480384,1.115741696753795,,
0.18847695390781563,1.2298647998701555,1.118441378246754,,
0.19046092184368738,1.2328478348261835,1.1211541558853453,,
0.19244488977955912,1.2358453756584964,1.1238801251953026,,
0.19442885771543086,1.2388575284335561,1.1266193826336675,,
0.1964128256513026,1.241884400254423,1.1293720256001658,,
0.19839679358717435,1.2449260992734514,1.132138152448754,,
0.2003807615230461,1.2479827347051708,1.134917862499331,,
0.20236472945891784,1.2510544168393574,1.1377112560496287,,
0.20434869739478959,1.2541412570542978,1.140518434387272,,
0.20633266533066133,1.2572433678302548,1.1433394998020248,,
0.20831663326653307,1.2603608627631264,1.1461745555982117,,
0.21030060120240482,1.2634938565783134,1.1490237061073296,,
0.21228456913827656,1.266642465144793,1.151887056700846,,
0.2142685370741483,1.2698068054894036,1.154764713803189,,
0.21625250501002005,1.2729869958113427,1.1576567849049328,,
0.2182364729458918,1.2761831554968852,1.1605633785761822,,
0.22022044088176354,1.2793954051343235,1.1634846044801583,,
0.22220440881763526,1.282623866529133,1.1664205733869912,,
0.224188376753507,1.2858686627193687,1.1693713971877213,,
0.22617234468937875,1.2891299179912952,1.172337188908513,,
0.2281563126252505,1.2924077578952564,1.1753180627250868,,
0.23014028056112223,1.2957023092617863,1.1783141339773702,,
0.23212424849699398,1.2990137002179687,1.1813255191843763,,
0.23410821643286572,1.3023420602040465,1.1843523360593071,,
0.23609218436873747,1.3056875199902886,1.1873947035248924,,
0.2380761523046092,1.3090502116941167,1.1904527417289663,,
0.24006012024048096,1.3124302687974971,1.1935265720602812,,
0.2420440881763527,1.315827826164603,1.1966163171645718,,
0.24402805611222445,1.319243020059753,1.1997221009608678,,
0.2460120240480962,1.3226759881656271,1.202844048658059,,
0.24799599198396793,1.3261268696017703,1.2059822867717227,,
0.24997995991983968,1.3295958049433847,1.2091369431412147,,
0.2519639278557114,1.33308293624042,1.2123081469470274,,
0.25394789579158317,1.3365884070369618,1.2154960287284249,,
0.2559318637274549,1.3401123623909281,1.218700720401352,,
0.25791583166332666,1.3436549488940803,1.2219223552766343,,
0.2598997995991984,1.3472163146923486,1.2251610680784615,,
0.26188376753507014,1.3507966095064843,1.228416994963168,,
0.2638677354709419,1.3543959846530407,1.2316902735383146,,
0.26585170340681363,1.3580145930656926,1.2349810428820742,,
0.2678356713426854,1.3616525893168954,1.2382894435629304,,
0.2698196392785571,1.3653101296398944,1.2416156176596929,,
0.27180360721442887,1.3689873719510914,1.2449597087818365,,
0.2737875751503006,1.372684475872773,1.2483218620901704,,
0.27577154308617235,1.3764016027562054,1.2517022243178422,,
0.2777555110220441,1.380138915705109,1.2551009437916838,,
0.27973947895791584,1.3838965795995157,1.258518170453909,,
0.2817234468937876,1.3876747611200162,1.2619540558841622,,
0.28370741482965933,1.3914736287724045,1.2654087533219314,,
0.2856913827655311,1.3952933529127314,1.2688824176893323,,
0.2876753507014028,1.3991341057727695,1.272375205614265,,
0.28965931863727457,1.4029960614858998,1.2758872754539559,,
0.2916432865731463,1.4068793961134298,1.2794187873188914,,
0.29362725450901805,1.4107842876713483,1.2829699030971489,,
0.2956112224448898,1.4147109161575284,1.2865407864791352,,
0.29759519038076154,1.4186594635793845,1.2901316029827377,,
0.2995791583166333,1.422630113981995,1.293742519978899,,
0.30156312625250503,1.4266230534766984,1.297373706717623,,
0.3035470941883768,1.4306384702701713,1.3010253343544178,,
0.3055310621242485,1.4346765546940006,1.304697575977189,,
0.30751503006012026,1.4387374992347568,1.3083906066335884,,
0.309498997995992,1.4428214985645782,1.3121046033588273,,
0.31148296593186375,1.4469287495722825,1.315839745203969,,
0.3134669338677355,1.4510594513950021,1.3195962132646997,,
0.31545090180360724,1.4552138054503747,1.3233741907105996,,
0.317434869739479,1.459392015469278,1.3271738628149157,,
0.3194188376753507,1.4635942875291363,1.330995416984847,,
0.3214028056112224,1.4678208300878006,1.3348390427923587,,
0.32338677354709416,1.4720718540180202,1.3387049320055282,,
0.3253707414829659,1.4763475726425135,1.3425932786204393,,
0.32735470941883765,1.4806482017696505,1.346504278893633,,
0.3293386773547094,1.4849739597297649,1.3504381313751275,,
0.33132264529058114,1.4893250674121001,1.3543950369420197,,
0.3333066132264529,1.4937017483024095,1.3583751988326769,,
0.33529058116232463,1.49810422852122,1.3623788226815343,,
0.3372745490981964,1.5025327368627754,1.366406116554511,,
0.3392585170340681,1.506987504834673,1.3704572909850536,,
0.34124248496993986,1.5114687666982045,1.3745325590108253,,
0.3432264529058116,1.515976759509422,1.3786321362110483,,
0.34521042084168335,1.5205117231609404,1.382756240744521,,
0.3471943887775551,1.5250739004244904,1.3869050933883154,,
0.34917835671342684,1.529663536994243,1.3910789175771756,,
0.3511623246492986,1.534280881530915,1.3952779394436285,,
0.35314629258517033,1.53892618570668,1.3995023878588255,,
0.3551302605210421,1.5435997042508929,1.4037524944741244,,
0.3571142284569138,1.5483016949966544,1.408028493763435,,
0.35909819639278556,1.5530324189282272,1.4123306230663404,,
0.3610821643286573,1.5577921402293233,1.4166591226320084,,
0.36306613226452905,1.5625811263322842,1.4210142356639168,,
0.3650501002004008,1.567399647968168,1.425396208365403,,
0.36703406813627254,1.5722479792177704,1.4298052899860612,,
0.3690180360721443,1.5771263975635907,1.4342417328690023,,
0.37100200400801603,1.5820351839427724,1.438705792498996,,
0.3729859719438878,1.5869746228010315,1.4431977275515158,,
0.3749699398797595,1.5919450021476038,1.4477177999427058,,
0.37695390781563126,1.5969466136112214,1.4522662748802875,,
0.378937875751503,1.6019797524971524,1.4568434209154306,,
0.38092184368737475,1.607044717845322,1.4614495099956102,,
0.3829058116232465,1.6121418124895373,1.466084817518463,,
0.38488977955911824,1.617271343117846,1.4707496223866814,,
0.38687374749499,1.6224336203340475,1.4754442070639482,,
0.38885771543086173,1.6276289587203905,1.4801688576319563,,
0.39084168336673347,1.6328576769014738,1.4849238638485192,,
0.3928256513026052,1.638120097609386,1.4897095192068097,,
0.39480961923847696,1.6434165477501088,1.494526120995747,,
0.3967935871743487,1.6487473584712127,1.4993739703615578,,
0.39877755511022045,1.6541128652308719,1.5042533723705422,,
0.4007615230460922,1.6595134078682336,1.509164636073064,,
0.40274549098196394,1.6649493306751715,1.5141080745688047,,
0.4047294589178357,1.6704209824694516,1.5190840050733014,,
0.4067134268537074,1.675928716669345,1.5240927489857998,,
0.40869739478957917,1.6814728913697248,1.5291346319584551,,
0.4106813627254509,1.6870538694196755,1.5342099839669123,,
0.41266533066132266,1.6926720185016562,1.5393191393822958,,
0.4146492985971944,1.6983277112122461,1.5444624370446407,,
0.41663326653306615,1.7040213251445189,1.549640220337803,,
0.4186172344689379,1.7097532429720774,1.554852837265882,,
0.42060120240480964,1.7155238525347911,1.5601006405311895,,
0.4225851703406814,1.7213335469262723,1.5653839876138012,,
0.4245691382765531,1.7271827245831424,1.5707032408527348,,
0.42655310621242487,1.7330717893761178,1.5760587675287852,,
0.4285370741482966,1.7390011507029688,1.5814509399490597,,
0.43052104208416836,1.7449712235833934,1.5868801355332576,,
0.4325050100200401,1.7509824287558506,1.5923467369017308,,
0.43448897795591185,1.7570351927764045,1.5978511319653714,,
0.4364729458917836,1.7631299481196219,1.6033937140173697,,
0.43845691382765534,1.7692671332815806,1.6089748818268894,,
0.4404408817635271,1.7754471928850353,1.6145950397347053,,
0.4424248496993988,1.7816705777867954,1.6202545977508545,,
0.4444088176352705,1.7879377451873664,1.6259539716543419,,
0.44639278557114226,1.7942491587429208,1.6316935830949693,,
0.448376753507014,1.8006052886796402,1.6374738596973164,,
0.45036072144288575,1.8070066119105017,1.643295235166948,,
0.4523446893787575,1.813453612154562,1.6491581493988907,,
0.45432865731462924,1.8199467800588072,1.6550630485884426,,
0.456312625250501,1.8264866133226254,1.6610103853443696,,
0.4582965931863727,1.8330736168249766,1.6670006188045547,,
0.46028056112224447,1.8397083027543208,1.6730342147541528,,
0.4622645290581162,1.846391190741381,1.6791116457463282,,
0.46424849699398796,1.8531228079948086,1.6852333912256265,,
0.4662324649298597,1.8599036894398295,1.6913999376540614,,
0.46821643286573145,1.8667343778599397,1.6976117786399718,,
0.4702004008016032,1.8736154240417433,1.7038694150697393,,
0.47218436873747494,1.8805473869229976,1.7101733552424183,,
0.4741683366733467,1.8875308337439636,1.7165241150073767,,
0.4761523046092184,1.8945663402021344,1.7229222179050054,,
0.47813627254509017,1.9016544906104442,1.7293681953105926,,
0.4801202404809619,1.9087958780590362,1.7358625865814383,,
0.48210420841683366,1.9159911045806919,1.7424059392072946,,
0.4840881763527054,1.9232407813200167,1.748998808964222,,
0.48607214428857715,1.9305455287064792,1.7556417600719554,,
0.4880561122244489,1.9379059766314095,1.7623353653548626,,
0.49004008016032063,1.945322764629063,1.7690802064066067,,
0.4920240480961924,1.9527965420618565,1.7758768737586001,,
0.4940080160320641,1.960327968309892,1.7827259670523554,,
0.49599198396793587,1.9679177129648826,1.7896280952158452,,
0.4979759519038076,1.9755664560285995,1.7965838766439681,,
0.49995991983967936,1.9832748881159696,1.8035939393832465,,
0.5019438877755511,1.9910437106629382,1.8106589213208573,,
0.5039278557114228,1.9988736361392454,1.8177794703781318,,
0.5059118236472946,2.006765388266237,1.824956244708632,,
0.5078957915831663,2.0147197022398573,1.832189912900943,,
0.5098797595190381,2.022737324958966,1.8394811541863014,,
0.5118637274549098,2.0308190152591292,1.8468306586512084,,
0.5138476953907816,2.0389655441520365,1.8542391274551553,,
0.5158316633266533,2.0471776950707046,1.8617072730536108,,
0.5178156312625251,2.0554562641206293,1.8692358194264205,,
0.5197995991983968,2.063802060337058,1.8768255023117704,,
0.5217835671342685,2.0722159059485517,1.8844770694458715,,
0.5237675350701403,2.0806986366470244,1.8921912808085333,,
0.525751503006012,2.089251101864442,1.8999689088747937,,
0.5277354709418838,2.0978741650563686,1.9078107388727783,,
0.5297194388777555,2.1065687039925707,1.9157175690479753,,
0.5317034068136273,2.1153356110548716,1.9236902109341045,,
0.533687374749499,2.1241757935424785,1.9317294896307842,,
0.5356713426853708,2.133090173984996,1.939836244088183,,
0.5376553106212425,2.142079690463355,1.948011327398876,,
0.5396392785571142,2.1511452969388887,1.9562556070971073,,
0.541623246492986,2.160287963590805,1.9645699654656854,,
0.5436072144288577,2.1695086771622965,1.9729552998507385,,
0.5455911823647295,2.1788084413155557,1.981412522984565,,
0.5475751503006012,2.188188276995958,1.9899425633168233,,
0.549559118236473,2.197649222805693,1.9985463653543116,,
0.5515430861723447,2.207192335387134,2.0072248900096055,,
0.5535270541082165,2.216818689816231,2.0159791149588093,,
0.5555110220440882,2.226529380006255,2.0248100350087235,,
0.5574949899799599,2.236325519122188,2.033718662473692,,
0.5594789579158317,2.24620824000611,2.042706027562447,,
0.5614629258517034,2.256178695613912,2.0517731787752598,,
0.5634468937875752,2.266238059463692,2.0609211833117103,,
0.5654308617234469,2.276387526096197,2.0701511274894178,,
0.5674148296593187,2.286628311547698,2.079464117174069,,
0.5693987975951904,2.296961653835686,2.0888612782211142,,
0.5713827655310622,2.307388813457791,2.0983437569294874,,
0.5733667334669339,2.3179110739043622,2.1079127205077413,,
0.5753507014028056,2.3285297421851285,2.1175693575529997,,
0.5773346693386774,2.3392461493704064,2.127314878543129,,
0.5793186372745491,2.350061651147321,2.1371505163425684,,
0.5813026052104209,2.360977628391527,2.147077526722253,,
0.5832865731462926,2.3719954877549405,2.1570971888940997,,
0.5852705410821644,2.3831166622700017,2.167210806060524,,
0.5872545090180361,2.3943426119710196,2.1774197059794913,,
0.5892384769539079,2.4056748245331563,2.1877252415456114,,
0.5912224448897796,2.417114815929649,2.198128791387818,,
0.5932064128256513,2.42866413110787,2.2086317604841765,,
0.5951903807615231,2.440324344684862,2.2192355807944084,,
0.5971743486973948,2.452097061663007,2.2299417119107194,,
0.5991583166332666,2.46398391816651,2.240751641727561,,
0.6011422845691383,2.4759865821994107,2.2516668871309635,,
0.6031262525050101,2.488106754425854,2.2626889947081237,,
0.6051102204408818,2.500346168973394,2.2738195414779225,,
0.6070941883767536,2.512706594260123,2.285060135643122,,
0.6090781563126253,2.525189833846457,2.2964124173649814,,
0.611062124248497,2.537797727312436,2.307878059561072,,
0.6130460921843688,2.5505321511614403,2.3194587687271224,,
0.6150300601202405,2.5633950197512507,2.3311562857837234,,
0.6170140280561123,2.5763882862534255,2.3429723869487895,,
0.618997995991984,2.589513943642001,2.3549088846366844,,
0.6209819639278558,2.602774025712576,2.3669676283849768,,
0.6229659318637275,2.6161706081328573,2.37915050580981,,
0.6249498997995993,2.629705809525825,2.3914594435909358,,
0.626933867735471,2.643381792586693,2.4038964084874763,,
0.6289178356713427,2.657200765234903,2.416463408385555,,
0.6309018036072145,2.671164981802448,2.429162493378954,,
0.6328857715430862,2.685276744259855,2.441995756884032,,
0.634869739478958,2.6995384034812453,2.454965336790165,,
0.6368537074148296,2.7139523605499103,2.4680734166470484,,
0.6388376753507014,2.7285210681059553,2.481322226890237,,
0.6408216432865731,2.743247031737562,2.494714046106369,,
0.6428056112224448,2.7581328114175676,2.5082512023395913,,
0.6447895791583166,2.7731810229870555,2.521936074440739,,
0.6467735470941883,2.7883943396877906,2.5357710934609363,,
0.6487575150300601,2.803775493745366,2.5497587440913114,,
0.6507414829659318,2.8193272780050394,2.563901566150632,,
0.6527254509018036,2.835052547622317,2.5782021561227224,,
0.6547094188376753,2.8509542218104253,2.592663168745619,,
0.656693386773547,2.867035285646934,2.607287318654518,,
0.6586773547094188,2.8832987919418542,2.622077382080624,,
0.6606613226452905,2.899747863169696,2.6370361986081714,,
0.6626452905811623,2.9163856934680275,2.6521666729919136,,
0.664629258517034,2.933215550705242,2.6674717770375564,,
0.6666132264529058,2.950240778620327,2.682954551547667,,
0.6685971943887775,2.9674647990375993,2.6986181083357614,,
0.6705811623246493,2.984891114159466,2.7144656323113407,,
0.672565130260521,3.0025233089404497,2.730500383638837,,
0.6745490981963927,3.0203650535458615,2.7467256999735348,,
0.6765330661322645,3.038420105898652,2.763144998777683,,
0.6785170340681362,3.05669231431816,2.779761779720177,,
0.680501002004008,3.075185620254649,2.7965796271633505,,
0.6824849699398797,3.0939040611237205,2.813602212740599,,
0.6844689378757515,3.1128517732448646,2.830833298028699,,
0.6864529058116232,3.132032994888667,2.8482767373189493,,
0.688436873747495,3.151452069437368,2.865936480491385,,
0.6904208416833667,3.1711134486637325,2.8838165759965886,,
0.6924048096192384,3.1910216961334252,2.90192117394982,,
0.6943887775551102,3.211181490736363,2.920254529342431,,
0.6963727454909819,3.231597630352774,2.938821005375786,,
0.6983567134268537,3.2522750356599937,2.9576250769231756,,
0.7003406813627254,3.2732187540863658,2.9766713341254927,,
0.7023246492985972,3.294433963918885,2.9959644861267383,,
0.7043086172344689,3.3159259785716415,3.01550936495575,,
0.7062925851703407,3.337700251022424,3.035310929560855,,
0.7082765531062124,3.359762378425291,3.055374270004555,,
0.7102605210420841,3.3821181069072814,3.075704611825662,,
0.7122444889779559,3.404773336557924,3.0963073205767673,,
0.7142284569138276,3.4277341266206167,3.1171879065452934,,
0.7162124248496994,3.4510067008955074,3.1383520296668808,,
0.7181963927855711,3.474597453363955,3.1598055046402878,,
0.7201803607214429,3.4985129540452844,3.181554306253531,,
0.7221643286573146,3.522759955097081,3.2036045749315067,,
0.7241482965931864,3.5473453971709286,3.2259626225159104,,
0.7261322645290581,3.5722764160361677,3.248634938288894,,
0.7281162324649298,3.597560349484929,3.2716281952525192,,
0.7301002004008016,3.6232047445325137,3.294949256676794,,
0.7320841683366733,3.649217364927919,3.3186051829297596,,
0.7340681362725451,3.675606198990254,3.3426032386039437,,
0.7360521042084168,3.7023794677876243,3.3669508999542503,,
0.7380360721442886,3.729545633676097,3.3916558626633146,,
0.7400200400801603,3.757113409217374,3.4167260499512495,,
0.7420040080160321,3.785091766494911,3.442169621047741,,
0.7439879759519038,3.813489946849407,3.4679949800455234,,
0.7459719438877755,3.842317471055859,3.49421078515541,,
0.7479559118236473,3.871584149965727,3.5208259583843,,
0.749939879759519,3.9013000956391948,3.5478496956588743,,
0.7519238476953908,3.93147573299406,3.5752914774191242,,
0.7539078156312625,3.96212181199945,3.603161079707332,,
0.7558917835671343,3.9932494204443243,3.6314685857797766,,
0.757875751503006,4.024869997312617,3.660224398270113,,
0.7598597194388778,4.0569953467989235,3.689439251935261,,
0.7618436873747495,4.089637653000796,3.7191242270166103,,
0.7638276553106212,4.122809495326079,3.74929076325148,,
0.765811623246493,4.1565238646562035,3.7799506745720457,,
0.7677955911823647,4.190794180309073,3.8111161645314247,,
0.7697795591182365,4.225634307848082,3.8427998424992262,,
0.7717635270541082,4.261058577786895,3.8750147406717206,,
0.77374749498998,4.297081805243039,3.9077743319448417,,
0.7757314629258517,4.333719310596884,3.941092548701516,,
0.7777154308617235,4.370986941216578,3.9749838025683495,,
0.7796993987975952,4.408901094313636,4.009463005200549,,
0.7816833667334669,4.447478740998435,4.044545590158032,,
0.7836673346693387,4.486737451609771,4.080247535940177,,
0.7856513026052104,4.526695422397886,4.116585390251415,,
0.7876352705410822,4.5673715036461155,4.153576295575116,,
0.7896192384769539,4.608785229322463,4.191238016138772,,
0.7916032064128257,4.650956848359083,4.229588966359636,,
0.7935871743486974,4.693907357664922,4.268648240866471,,
0.7955711422845692,4.7376585369846005,4.308435646200284,,
0.7975551102204409,4.782232985725111,4.348971734304594,,
0.7995390781563126,4.827654161881182,4.390277837924234,,
0.8015230460921844,4.8739464232001595,4.432376108040772,,
0.8035070140280561,4.921135070738207,4.475289553482601,,
0.8054909819639279,4.969246394971446,4.5190420828584985,,
0.8074749498997996,5.018307724638636,4.563658548975249,,
0.8094589178356714,5.068347478506041,4.609164795912714,,
0.8114428857715431,5.119395220260508,4.655587708943707,,
0.8134268537074149,5.171481716753562,4.702955267501271,,
0.8154108216432866,5.224638999837612,4.751296601412651,,
0.8173947895791583,5.2789004320554245,4.800642050637428,,
0.8193787575150301,5.334300776465943,4.851023228767242,,
0.8213627254509018,5.390876270913528,4.902473090566383,,
0.8233466933867736,5.448664707074048,4.955026003856462,,
0.8253306613226453,5.507705514640161,5.008717826074657,,
0.8273146292585171,5.568039851039845,5.06358598586392,,
0.8292985971943888,5.629710697117199,5.119669570085277,,
0.8312825651302606,5.692762959242939,5.177009416677304,,
0.8332665330661323,5.75724357836439,5.2356482138263996,,
0.835250501002004,5.823201646551481,5.295630605953933,,
0.8372344689378758,5.890688531646875,5.3570033070733105,,
0.8392184368737475,5.9597580106853805,5.419815222121833,,
0.8412024048096193,6.030466412810933,5.484117576929676,,
0.843186372745491,6.10287277248939,5.5499640575518985,,
0.8451703406813628,6.177038993893019,5.61741095976,,
0.8471543086172345,6.253030027418677,5.686517349567892,,
0.8491382765531063,6.330914059397655,5.757345235754388,,
0.851122244488978,6.410762716161787,5.8299597554413145,,
0.8531062124248497,6.492651283749554,5.904429373894647,,
0.8550901803607215,6.576658944668664,5.98082609983686,,
0.8570741482965932,6.662869033280261,6.059225717693805,,
0.859058116232465,6.751369311536133,6.139708038350653,,
0.8610420841683367,6.842252266986795,6.222357170161001,,
0.8630260521042085,6.935615435187654,6.307261812143663,,
0.8650100200400802,7.031561748865917,6.394515571515702,,
0.866993987975952,7.13019991647597,6.484217307951422,,
0.8689779559118237,7.231644833070184,6.576471507229048,,
0.8709619238476954,7.3360180267498745,6.671388687234081,,
0.8729458917835672,7.443448144343818,6.769085839636252,,
0.8749298597194389,7.554071480395165,6.869686910951233,,
0.8769138276553107,7.668032554030339,6.973323327146298,,
0.8788977955911824,7.785484738843724,7.080134566458655,,
0.8808817635270542,7.9065909515709585,7.190268785676241,,
0.8828657314629259,8.031524406053322,7.303883505794366,,
0.8848496993987977,8.160469439830901,7.421146363721105,,
0.8868336673346694,8.293622421660036,7.542235937575374,,
0.888817635270541,8.431192749351316,7.667342654122703,,
0.8908016032064128,8.573403948592478,7.796669788046855,,
0.8927855711422845,8.720494884883927,7.930434564086288,,
0.8947695390781563,8.8727211024087,8.068869374605033,,
0.896753507014028,9.030356305622771,8.212223126953718,,
0.8987374749498998,9.193694001636054,8.360762737053976,,
0.9007214428857715,9.363049324117386,8.51477478806108,,
0.9027054108216432,9.538761062569453,8.674567375790408,,
0.904689378757515,9.721193924468215,8.840472165911317,,
0.9066733466933867,9.910741062050077,9.012846691812184,,
0.9086573146292585,10.107826900586511,9.19207692663871,1.0162095094776464,
0.9106412825651302,10.312910310965433,9.378580168445422,1.0368279583205995,
0.912625250501002,10.52648817649292,9.572808283851915,1.0583004132901614,
0.9146092184368737,10.749099412273287,9.775251363274704,1.0806810552363992,
0.9165931863727454,10.98132950561199,9.98644184997823,1.104028747233774,
0.9185771543086172,11.223815657976736,10.20695921618402,1.1284075515379317,
0.9205611222444889,11.477252623600322,10.437435272707178,1.153887316580693,
0.9225450901803607,11.742399357381545,10.67856021457006,1.1805443453293534,
0.9245290581162324,12.020086606053678,10.931089524425257,1.2084621584791742,
0.9265130260521042,12.311225602548857,11.19585187922704,1.2377323685577633,
0.9284969939879759,12.616818055245197,11.473758234471605,1.2684556842129413,
0.9304809619238477,12.937967662816972,11.765812295823634,1.3007430678799996,
0.9324649298597194,13.275893433617679,12.073122631788483,1.3347170748710886,
0.9344488977955911,13.631945148371576,12.396916735513145,1.370513407946177,
0.9364328657314629,14.007621379638568,12.73855741172175,1.408282728934063,
0.9384168336673346,14.40459057525646,13.099561950037877,1.4481927783961472,
0.9404008016032064,14.8247158313098,13.481624653569337,1.4904308662237458,1.0280614987123933
0.9423847695390781,15.270084130517825,13.886643428353544,1.5352068111747637,1.0589468125607557
0.9443687374749499,15.743041014186527,14.316751314096399,1.582756426684024,1.0917453341771952
0.9463527054108216,16.246231903426445,14.774354061766,1.6333456751701103,1.1266405177083259
0.9483366733466934,16.782651606458913,15.262175155630695,1.687275645346107,1.1638400465298973
0.9503206412825651,17.35570396863853,15.783310059102522,1.744888549247515,1.2035799698449066
0.9523046092184368,17.969274175195523,16.341291966988006,1.806574991325307,1.246129716720056
0.9542885771543086,18.627816952599733,16.940172015975644,1.8727828359370058,1.2917982126567216
0.9562725450901803,19.33646490230493,17.58461780354814,1.9440280988847192,1.3409413922982987
0.9582565130260521,20.101162540088886,18.280035283612147,2.0209084233139056,1.3939714947641848
0.9602404809619238,20.92883345003413,19.032720776644904,2.1041198848552156,1.451368655411397
0.9622244488977956,21.827590507556092,19.850052146914212,2.194478126794536,1.513695484340079
0.9642084168336673,22.80700269914909,20.740731448860735,2.292945185301187,1.5816155697571446
0.9661923847695391,23.878437150577284,21.715095968182627,2.4006638758794865,1.655917196880478
0.9681763527054108,25.05550231481903,22.78552125779151,2.519002350107604,1.7375440820499595
0.9701603206412825,26.35462903566673,23.966949558150613,2.6496125139663995,1.8276356682125254
0.9721442885771543,27.795842265472366,25.277591598854155,2.7945076139436753,1.9275806418536967
0.974128256513026,29.403800640941913,26.739871990823616,2.9561667527543696,2.039089025296775
0.9761122244488978,31.20921904396486,28.381722905820308,3.1376779091861646,2.1642908281734727
0.9780961923847695,33.25084952506356,30.23838553198189,3.3429370939879477,2.30587342011647
0.9800801603206413,35.57829417364938,32.35496810336062,3.5769311471051943,2.4672765971366855
0.982064128256513,38.256088249400094,34.790159107330986,3.8461482430215157,2.652975737820734
0.9840480961923848,41.3697772866735,37.62175381485293,4.159188863953591,2.86890323718116
0.9860320641282565,45.03522486281702,40.95511878260061,4.527701573955846,3.1230939799556796
0.9880160320641282,49.413349526000964,44.93659364304424,4.967864623854137,3.4267073142009474
0.99,54.73438332300223,49.775551855559925,5.502824828252856,3.7957093269404454
