"time","lambda_p","p_delta"
0,0.37784,0.460376409867867
0.163137062656642,0.383344619892931,0.467873895025441
0.326274125313283,0.388849239785861,0.475371380183015
0.489411187969925,0.394353859678792,0.482868865340589
0.652548250626567,0.399858479571722,0.490366350498163
0.815685313283208,0.400857817376291,0.455739141898356
0.97882237593985,0.401716365115599,0.419795536618631
1.14195943859649,0.402574912854907,0.383851931338906
1.30509650125313,0.403433460594214,0.347908326059181
1.46823356390977,0.396003571065906,0.30760796147325
1.63137062656642,0.388038943649365,0.267026515641756
1.79450768922306,0.380074316232823,0.226445069810263
1.9576447518797,0.372109688816281,0.18586362397877
2.12078181453634,0.359828070596377,0.154419563024416
2.28391887719298,0.347114753296136,0.123889240557775
2.44705593984962,0.334401435995895,0.093358918091135
2.61019300250627,0.321688118695654,0.0628285956244947
2.77333006516291,0.312760092202233,0.0900002731632564
2.93646712781955,0.304354174785616,0.125130847254487
3.09960419047619,0.295948257368998,0.160261421345718
3.26274125313283,0.287542339952381,0.195391995436949
3.42587831578947,0.284061181488476,0.210256220758772
3.58901537844612,0.281459444266127,0.221501455228915
3.75215244110276,0.278857707043778,0.232746689699057
3.9152895037594,0.276255969821429,0.2439919241692
4.07842656641604,0.268311854829739,0.164157989767702
4.24156362907268,0.259180544778196,0.0640842400613945
4.40470069172932,0.250049234726653,-0.0359895096449128
4.56783775438597,0.240917924675109,-0.136063259351221
4.73097481704261,0.22039659712289,-0.32110131829127
4.89411187969925,0.196808726397412,-0.529014383563481
5.05724894235589,0.173220855671934,-0.736927448835692
5.22038600501253,0.149632984946456,-0.944840514107903
5.38352306766917,0.133943486606256,-0.842610181347532
5.54666013032582,0.120781467429345,-0.641133961216736
5.70979719298246,0.107619448252434,-0.43965774108594
5.8729342556391,0.0944574290755236,-0.238181520955144
6.03607131829574,0.0892620128862094,-0.142864159856492
6.19920838095238,0.087054072817244,-0.0873563708948949
6.36234544360902,0.0848461327482786,-0.0318485819332978
6.52548250626567,0.0826381926793132,0.0236592070282993
6.68861956892231,0.0816248777319016,0.0415540711146961
6.85175663157895,0.0811309650112525,0.0430954896031798
7.01489369423559,0.0806370522906034,0.0446369080916635
7.17803075689223,0.0801431395699543,0.0461783265801471
7.34116781954887,0.0797585506573544,0.0490165953544744
7.50430488220552,0.079428623648779,0.0525032892717234
7.66744194486216,0.0790986966402037,0.0559899831889724
7.8305790075188,0.0787687696316283,0.0594766771062215
7.99371607017544,0.0785818067261011,0.0637065747168455
8.15685313283208,0.0784765375937442,0.0683611601522553
8.31999019548872,0.0783712684613873,0.0730157455876651
8.48312725814536,0.0782659993290305,0.0776703310230749
8.64626432080201,0.078269112810675,0.0808934916524814
8.80940138345865,0.0783426749914205,0.0831862261579857
8.97253844611529,0.078416237172166,0.0854789606634901
9.13567550877193,0.0784897993529115,0.0877716951689945
9.29881257142857,0.0786601887565095,0.0913065428417382
9.46194963408522,0.0789019245348411,0.0957566317956055
9.62508669674186,0.0791436603131726,0.100206720749473
9.7882237593985,0.0793853960915041,0.10465680970334
9.95136082205514,0.0797070090411747,0.107544976543634
10.1144978847118,0.0800951863002945,0.109131541622617
10.2776349473684,0.0804833635594143,0.1107181067016
10.4407720100251,0.0808715408185341,0.112304671780583
10.6039090726817,0.0811647518486517,0.108958733961992
10.7670461353383,0.0813685828985319,0.100970440475097
10.930183197995,0.081572413948412,0.0929821469882024
11.0933202606516,0.0817762449982922,0.0849938535013073
11.2564573233083,0.0818419603477629,0.0795942067156724
11.4195943859649,0.0817609277655484,0.0769449970501264
11.5827314486216,0.0816798951833339,0.0742957873845804
11.7458685112782,0.0815988626011194,0.0716465777190343
11.9090055739348,0.0814913029656769,0.0703248305071291
12.0721426365915,0.0813519108663607,0.0705960382395928
12.2352796992481,0.0812125187670445,0.0708672459720564
12.3984167619048,0.0810731266677283,0.0711384537045201
12.5615538245614,0.0809489241596228,0.0716138378786904
12.724690887218,0.0808453360967316,0.0723663186523195
12.8878279498747,0.0807417480338405,0.0731187994259487
13.0509650125313,0.0806381599709493,0.0738712801995779
13.214102075188,0.0805822478863631,0.0758058640202305
13.3772391378446,0.0805996834607074,0.0795590679132268
13.5403762005013,0.0806171190350517,0.0833122718062231
13.7035132631579,0.080634554609396,0.0870654756992194
13.8666503258145,0.0806768282444485,0.0890768097595676
14.0297873884712,0.0807625684857404,0.0880398716127817
14.1929244511278,0.0808483087270322,0.0870029334659957
14.3560615137845,0.080934048968324,0.0859659953192098
14.5191985764411,0.08100302834922,0.0850242588499067
14.6823356390977,0.0810384860093241,0.0842729257355692
14.8454727017544,0.0810739436694281,0.0835215926212317
15.008609764411,0.0811094013295322,0.0827702595068942
15.1717468270677,0.0811592324190751,0.0830357217340901
15.3348838897243,0.0812421223963272,0.0856398132468124
15.498020952381,0.0813250123735792,0.0882439047595348
15.6611580150376,0.0814079023508313,0.0908479962722571
15.8242950776942,0.081476494907433,0.0915367452904591
15.9874321403509,0.081506961008967,0.0871179143232736
16.1505692030075,0.0815374271105011,0.0826990833560882
16.3137062656642,0.0815678932120352,0.0782802523889027
16.4768433283208,0.0815545057989947,0.0743151700167749
16.6399803909774,0.0814040761529086,0.0717680520042024
16.8031174536341,0.0812536465068226,0.0692209339916298
16.9662545162907,0.0811032168607365,0.0666738159790573
17.1293915789474,0.0809529345405907,0.0651571586163774
17.292528641604,0.0808031994310802,0.067467926524727
17.4556657042607,0.0806534643215696,0.0697786944330765
17.6188027669173,0.0805037292120591,0.0720894623414261
17.7819398295739,0.0803618050008226,0.0738145631084572
17.9450768922306,0.0802550298318197,0.0729041617395548
18.1082139548872,0.0801482546628168,0.0719937603706523
18.2713510175439,0.0800414794938139,0.0710833590017499
18.4344880802005,0.0799178962058105,0.069748932473636
18.5976251428571,0.0797001874514047,0.0660399650539381
18.7607622055138,0.0794824786969988,0.0623309976342402
18.9238992681704,0.079264769942593,0.0586220302145423
19.0870363308271,0.0790246309086706,0.0548458107520718
19.2501733934837,0.0786218723482532,0.0505820139795004
19.4133104561404,0.0782191137878359,0.046318217206929
19.576447518797,0.0778163552274186,0.0420544204343576
19.7395845814536,0.0773983115151175,0.0378275905489698
19.9027216441103,0.0768274162839789,0.0339704295354177
20.0658587067669,0.0762565210528403,0.0301132685218657
20.2289957694236,0.0756856258217018,0.0262561075083136
20.3921328320802,0.0751094882083762,0.0225239614017543
20.5552698947368,0.0744520936711511,0.0207295463535823
20.7184069573935,0.0737946991339261,0.0189351313054104
20.8815440200501,0.0731373045967011,0.0171407162572384
21.0446810827068,0.0724830990497004,0.0155278148568156
21.2078181453634,0.0719309411898773,0.0197233501843648
21.3709552080201,0.0713787833300542,0.023918885511914
21.5340922706767,0.0708266254702311,0.0281144208394633
21.6972293333333,0.070274467610408,0.0323099561670125
21.86036639599,0.0699295083144655,0.0357329686409646
22.0235034586466,0.0695845490185231,0.0391559811149167
22.1866405213033,0.0692395897225806,0.0425789935888689
22.3497775839599,0.0688946304266382,0.046002006062821
22.5129146466165,0.0686706114971154,0.0473902580948913
22.6760517092732,0.0684503719540432,0.0487149238631529
22.8391887719298,0.068230132410971,0.0500395896314144
23.0023258345865,0.0680098928678988,0.0513642553996759
23.1654628972431,0.0678178822464171,0.0509627396153536
23.3285999598998,0.0676276928456832,0.0504498572792516
23.4917370225564,0.0674375034449493,0.0499369749431496
23.654874085213,0.0672473140442154,0.0494240926070476
23.8180111478697,0.067037946972026,0.0484555433887726
23.9811482105263,0.0668266621326911,0.0474414274822803
24.144285273183,0.0666153772933562,0.046427311575788
24.3074223358396,0.0664040924540213,0.0454131956692957
24.4705593984962,0.0662187388555499,0.0469379215202259
24.6336964611529,0.0660369619799563,0.0488128324411455
24.7968335238095,0.0658551851043626,0.050687743362065
24.9599705864662,0.0656734082287689,0.0525626542829845
25.1231076491228,0.0655669128964263,0.0545150251566302
25.2862447117795,0.065473860696807,0.0564812281646912
25.4493817744361,0.0653808084971878,0.0584474311727523
25.6125188370927,0.0652877562975685,0.0604136341808134
25.7756558997494,0.0652181283081392,0.0601052059135431
25.938792962406,0.0651537056987521,0.0592913040295325
26.1019300250627,0.065089283089365,0.058477402145522
26.2650670877193,0.0650248604799779,0.0576635002615114
26.4282041503759,0.0649301073337362,0.0565648110278066
26.5913412130326,0.0648271882737259,0.0553894482768763
26.7544782756892,0.0647242692137157,0.0542140855259461
26.9176153383459,0.0646213501537054,0.0530387227750158
27.0807524010025,0.0644692707736568,0.0510952676400022
27.2438894636592,0.064301460091196,0.048906022942082
27.4070265263158,0.0641336494087351,0.0467167782441617
27.5701635889724,0.0639658387262743,0.0445275335462414
27.7333006516291,0.063717697283863,0.0412111448695906
27.8964377142857,0.0634394318064703,0.0374720772009158
28.0595747769424,0.0631611663290776,0.0337330095322411
28.222711839599,0.0628829008516849,0.0299939418635663
28.3858489022556,0.0625539265549725,0.0283736814891539
28.5489859649123,0.0622029049455125,0.0276746416774642
28.7121230275689,0.0618518833360525,0.0269756018657745
28.8752600902256,0.0615008617265925,0.0262765620540848
29.0383971528822,0.0611288245743701,0.0246878802009497
29.2015342155389,0.0607462796507664,0.0226543773270918
29.3646712781955,0.0603637347271628,0.020620874453234
29.5278083408521,0.0599811898035592,0.0185873715793762
29.6909454035088,0.0595697364392336,0.0167562678436
29.8540824661654,0.059141763965924,0.0150408207581561
30.0172195288221,0.0587137914926145,0.0133253736727123
30.1803565914787,0.0582858190193049,0.0116099265872684
30.3434936541353,0.0578732565123993,0.0119260395508639
30.506630716792,0.0574707104836562,0.0135626665463349
30.6697677794486,0.0570681644549132,0.0151992935418059
30.8329048421053,0.0566656184261701,0.016835920537277
30.9960419047619,0.0562959269618948,0.0175912399028109
31.1591789674186,0.0559504441240695,0.0176971746989175
31.3223160300752,0.0556049612862441,0.0178031094950241
31.4854530927318,0.0552594784484187,0.0179090442911306
31.6485901553885,0.0549564478264216,0.019721184060492
31.8117272180451,0.0546887940509481,0.0229551613075655
31.9748642807018,0.0544211402754747,0.0261891385546391
32.1380013433584,0.0541534865000012,0.0294231158017127
32.301138406015,0.0539349382935594,0.031783178563817
32.4642754686717,0.0537626070932652,0.0333207335753622
32.6274125313283,0.0535902758929709,0.0348582885869072
32.790549593985,0.0534179446926767,0.0363958435984523
32.9536866566416,0.0532520274985646,0.0365637182627376
33.1168237192983,0.053092925186021,0.0352763075580593
33.2799607819549,0.0529338228734774,0.0339888968533811
33.4430978446115,0.0527747205609339,0.0327014861487029
33.6062349072682,0.0526118902650618,0.0321942038779578
33.7693719699248,0.0524445863891956,0.0326230757279323
33.9325090325815,0.0522772825133294,0.0330519475779069
34.0956460952381,0.0521099786374632,0.0334808194278814
34.2587831578947,0.0519259999590953,0.0323172291820642
34.4219202205514,0.0517193911916179,0.0289924403776724
34.585057283208,0.0515127824241406,0.0256676515732808
34.7481943458647,0.0513061736566632,0.022342862768889
34.9113314085213,0.0510793415595729,0.0201396744362716
35.074468471178,0.0508213966476936,0.0196620252909995
35.2376055338346,0.0505634517358142,0.0191843761457274
35.4007425964912,0.0503055068239348,0.0187067270004553
35.5638796591479,0.0500560111182985,0.0188153553716187
35.7270167218045,0.0498213015235877,0.0199499693965443
35.8901537844612,0.049586591928877,0.0210845834214699
36.0532908471178,0.0493518823341662,0.0222191974463955
36.2164279097744,0.0491295516139792,0.0231410676302038
36.3795649724311,0.0489319786428399,0.0236374501317779
36.5427020350877,0.0487344056717006,0.0241338326333519
36.7058390977444,0.0485368327005614,0.0246302151349259
36.868976160401,0.0483468014484082,0.0251290227655536
37.0321132230576,0.0481741161499233,0.0256334081930048
37.1952502857143,0.0480014308514384,0.0261377936204561
37.3583873483709,0.0478287455529535,0.0266421790479073
37.5215244110276,0.0476648889583352,0.0273130117989718
37.6846614736842,0.0475245755740279,0.0284277040796718
37.8477985363409,0.0473842621897205,0.0295423963603719
38.0109355989975,0.0472439488054132,0.0306570886410718
38.1740726616541,0.0471139279073481,0.0318253776334687
38.3372097243108,0.0470160710287904,0.0331611563499182
38.5003467869674,0.0469182141502326,0.0344969350663677
38.6634838496241,0.0468203572716749,0.0358327137828172
38.8266209122807,0.0467272957719806,0.0368619827952501
38.9897579749373,0.0466520456794937,0.0367527871927644
39.152895037594,0.0465767955870067,0.0366435915902787
39.3160321002506,0.0465015454945198,0.036534395987793
39.4791691629073,0.0464294545883622,0.0366476144211162
39.6423062255639,0.046371580020687,0.037761696015579
39.8054432882206,0.0463137054530117,0.0388757776100419
39.9685803508772,0.0462558308853364,0.0399898592045047
40.1317174135338,0.0462000189674611,0.0408809963316593
40.2948544761905,0.0461557578884653,0.0405236444418876
40.4579915388471,0.0461114968094696,0.0401662925521159
40.6211286015038,0.0460672357304739,0.0398089406623442
40.7842656641604,0.0460238852178924,0.0395873279179482
40.947402726817,0.0459871363118146,0.040349823977526
41.1105397894737,0.0459503874057368,0.0411123200371039
41.2736768521303,0.045913638499659,0.0418748160966817
41.436813914787,0.045879087777258,0.0426395716485788
41.5999509774436,0.0458665188916255,0.0434269221236681
41.7630880401003,0.0458539500059929,0.0442142725987573
41.9262251027569,0.0458413811203604,0.0450016230738466
42.0893621654135,0.0458305314076837,0.0458078439519268
42.2524992280702,0.0458463288758221,0.0469065560763663
42.4156362907268,0.0458621263439606,0.0480052682008057
42.5787733533835,0.045877923812099,0.0491039803252453
42.7419104160401,0.0458947341652716,0.0502057766754859
42.9050474786968,0.0459439568395349,0.051406268251364
43.0681845413534,0.0459931795137982,0.0526067598272421
43.23132160401,0.0460424021880615,0.0538072514031202
43.3944586666667,0.0460916248623249,0.0550077429789982
43.5575957293233,0.0461539940622298,0.054780252668157
43.72073279198,0.0462163632621348,0.0545527623573158
43.8838698546366,0.0462787324620398,0.0543252720464745
44.0470069172932,0.0463411016619447,0.0540977817356333
44.2101439799499,0.0463776112032711,0.0526793227373351
44.3732810426065,0.046413312630267,0.0512236459675538
44.5364181052632,0.0464490140572628,0.0497679691977726
44.6995551679198,0.0464847154842586,0.0483122924279914
44.8626922305764,0.0464791839116436,0.0468654440105374
45.0258292932331,0.0464709921455054,0.0454191651642014
45.1889663558897,0.0464628003793671,0.0439728863178653
45.3521034185464,0.0464546086132289,0.0425266074715293
45.515240481203,0.0464445481953851,0.0436090937727223
45.6783775438597,0.0464343009123708,0.0449444565886683
45.8415146065163,0.0464240536293565,0.0462798194046143
46.0046516691729,0.0464138063463422,0.0476151822205603
46.1677887318296,0.0464199629826348,0.0476869754566611
46.3309257944862,0.046428382228487,0.0475844832334728
46.4940628571429,0.0464368014743391,0.0474819910102846
46.6571999197995,0.0464452207201913,0.0473794987870963
46.8203369824561,0.046446606217453,0.0469532132413027
46.9834740451128,0.0464467356881808,0.0464691074593295
47.1466111077694,0.0464468651589086,0.0459850016773563
47.3097481704261,0.0464469946296363,0.0455008958953832
47.4728852330827,0.0464652724105602,0.0470438232965216
47.6360222957394,0.0464875831493054,0.0490372025161293
47.799159358396,0.0465098938880506,0.051030581735737
47.9622964210526,0.0465322046267958,0.0530239609553447
48.1254334837093,0.0465863230402221,0.0540257433867253
48.2885705463659,0.0466490050583703,0.0547605574520447
48.4517076090226,0.0467116870765185,0.0554953715173642
48.6148446716792,0.0467743690946667,0.0562301855826837
48.7779817343358,0.0468444823239747,0.0564346668870623
48.9411187969925,0.0469169735408539,0.0564694417079398
49.1042558596491,0.0469894647577331,0.0565042165288174
49.2673929223058,0.0470619559746123,0.0565389913496949
49.4305299849624,0.0471116864816332,0.0551305440144151
49.5936670476191,0.0471528817224573,0.0531808883705763
49.7568041102757,0.0471940769632815,0.0512312327267375
49.9199411729323,0.0472352722041056,0.0492815770828987
50.083078235589,0.0472168793781323,0.0461287677956792
50.2462152982456,0.0471725786970297,0.0424528482287287
50.4093523609023,0.0471282780159272,0.0387769286617784
50.5724894235589,0.0470839773348246,0.0351010090948279
50.7356264862155,0.0470173316710278,0.0348010928401775
50.8987635488722,0.046939513515884,0.0361891782416771
51.0619006115288,0.0468616953607402,0.0375772636431767
51.2250376741855,0.0467838772055963,0.0389653490446763
51.3881747368421,0.0467345624618493,0.0403969208845377
51.5513117994988,0.0467015353817575,0.0418533421177488
51.7144488621554,0.0466685083016657,0.0433097633509598
51.877585924812,0.046635481221574,0.0447661845841708
52.0407229874687,0.0466115314071911,0.0450094398400985
52.2038600501253,0.0465934818155189,0.044464137210792
52.366997112782,0.0465754322238468,0.0439188345814855
52.5301341754386,0.0465573826321746,0.043373531952179
52.6932712380952,0.0465297404141003,0.0427732466383834
52.8564083007519,0.0464950299449929,0.0421324477675959
53.0195453634085,0.0464603194758854,0.0414916488968084
53.1826824260652,0.0464256090067779,0.0408508500260209
53.3458194887218,0.0463950503171658,0.0411444965921252
53.5089565513785,0.0463679514437998,0.0422168476889727
53.6720936140351,0.0463408525704338,0.0432891987858201
53.8352306766917,0.0463137536970679,0.0443615498826676
53.9983677393484,0.0463082402589849,0.0457633495835154
54.161504802005,0.0463230425246976,0.0474752185587164
54.3246418646617,0.0463378447904104,0.0491870875339174
54.4877789273183,0.0463526470561232,0.0508989565091184
54.650915989975,0.0463780429751633,0.0516651349291467
54.8140530526316,0.0464146946508639,0.0514265171343041
54.9771901152882,0.0464513463265644,0.0511878993394615
55.1403271779449,0.046487998002265,0.0509492815446189
55.3034642406015,0.0465204567453829,0.0506589437009791
55.4666013032582,0.0465478839694015,0.0503065417987829
55.6297383659148,0.0465753111934202,0.0499541398965867
55.7928754285714,0.0466027384174389,0.0496017379943904
55.9560124912281,0.0466383388791969,0.050120701039822
56.1191495538847,0.0466850315921724,0.0518222307998913
56.2822866165414,0.0467317243051479,0.0535237605599607
56.445423679198,0.0467784170181234,0.05522529032003
56.6085607418546,0.0468403942725306,0.0566237810135733
56.7716978045113,0.0469258862060633,0.0575560577586148
56.9348348671679,0.0470113781395961,0.0584883345036564
57.0979719298246,0.0470968700731289,0.059420611248698
57.2611089924812,0.0471914550039391,0.0603317718777921
57.4242460551379,0.0473019526799848,0.0612059793039783
57.5873831177945,0.0474124503560305,0.0620801867301644
57.7505201804511,0.0475229480320762,0.0629543941563505
57.9136572431078,0.0476247172225067,0.0627363103919001
58.0767943057644,0.0477090294417066,0.0603336442461766
58.2399313684211,0.0477933416609065,0.0579309781004532
58.4030684310777,0.0478776538801064,0.0555283119547297
58.5662054937343,0.0479324406749451,0.0526969719283363
58.729342556391,0.0479193189937529,0.0488796819764013
58.8924796190476,0.0479061973125607,0.0450623920244666
59.0556166817043,0.0478930756313685,0.0412451020725317
59.2187537443609,0.0478632246268278,0.0384261559604753
59.3818908070176,0.0477887620933577,0.0382694600880947
59.5450278696742,0.0477142995598876,0.038112764215714
59.7081649323308,0.0476398370264175,0.0379560683433334
59.8713019949875,0.0475627428079665,0.0376572689053158
60.0344390576441,0.0474774245739502,0.0369143958246828
60.1975761203008,0.0473921063399339,0.0361715227440497
60.3607131829574,0.0473067881059176,0.0354286496634167
60.523850245614,0.0472223591815657,0.0350164594945703
60.6869873082707,0.0471412334073959,0.0358325201409315
60.8501243709273,0.0470601076332262,0.0366485807872927
61.013261433584,0.0469789818590565,0.0374646414336539
61.1763984962406,0.0469027044442741,0.038273875817904
61.3395355588973,0.0468482446467351,0.0390523920226542
61.5026726215539,0.0467937848491961,0.0398309082274043
61.6658096842105,0.0467393250516571,0.0406094244321545
61.8289467468672,0.0466861362394949,0.0412135365481619
61.9920838095238,0.0466400649454423,0.0408409857672101
62.1552208721805,0.0465939936513897,0.0404684349862583
62.3183579348371,0.0465479223573371,0.0400958842053065
62.4814949974937,0.0465025362748193,0.0398505566281349
62.6446320601504,0.0464621179759286,0.0405275972783695
62.807769122807,0.0464216996770378,0.0412046379286042
62.9709061854637,0.0463812813781471,0.0418816785788389
63.1340432481203,0.0463403800483429,0.0423935027919414
63.297180310777,0.0462946484094045,0.0412531626337225
63.4603173734336,0.046248916770466,0.0401128224755036
63.6234544360902,0.0462031851315276,0.0389724823172848
63.7865914987469,0.0461561320961717,0.0378725703867712
63.9497285614035,0.0460885974163457,0.0373992959856894
64.1128656240602,0.0460210627365197,0.0369260215846076
64.2760026867168,0.0459535280566937,0.0364527471835258
64.4391397493734,0.0458866674132154,0.0360494169221832
64.6022768120301,0.0458413759328641,0.0378842991324994
64.7654138746867,0.0457960844525129,0.0397191813428156
64.9285509373434,0.0457507929721616,0.0415540635531318
65.091688,0.0457055014918104,0.0433889457634478
